Unnamed: 0,event_starttime,event_endtime,fl_goescls,hpc_coord,hpc_bbox,hrc_coord,hrc_bbox,hgc_coord,hgc_bbox,event_coordsys,hgs_coord,hgs_bbox,event_peaktime,active,ar_noaaclass,ar_noaanum,boundbox_c1ur,boundbox_c2ur,boundbox_c1ll,boundbox_c2ll,hpc_y,hpc_x,hgs_y,hgs_x,hpc_radius,event_c2error
444,2011-05-02 22:00:00,2011-05-02 22:11:00,B6.1,POINT(523.827 -226.0494),"POLYGON((16.6794 83.67,16.6794 83.67,16.6794 83.67,16.6794 83.67,16.6794 83.67))",POINT(0.59962867459101 246.65813793624),"POLYGON((0.089669 348.726023,0.089669 348.726023,0.089669 348.726023,0.089669 348.726023,0.089669 348.726023))",POINT(123.33412 -17),"POLYGON((89.33412 1,89.33412 1,89.33412 1,89.33412 1,89.33412 1))",UTC-HGS-TOPO,POINT(35 -17),"POLYGON((1 1,1 1,1 1,1 1,1 1))",2011-05-02 22:04:00,True,,1200,36.0,-16.0,34.0,-18.0,-226.0494,523.827,-17.0,35.0,570.5199884047536,0.0
445,2011-05-03 00:12:00,2011-05-03 00:19:00,B7.0,POINT(549.553512 -227.459676),"POLYGON((16.679027 83.512308,16.679027 83.512308,16.679027 83.512308,16.679027 83.512308,16.679027 83.512308))",POINT(0.625126381878207 247.515382988084),"POLYGON((0.089509 348.705528,0.089509 348.705528,0.089509 348.705528,0.089509 348.705528,0.089509 348.705528))",POINT(124.122534 -17),"POLYGON((88.122534 1,88.122534 1,88.122534 1,88.122534 1,88.122534 1))",UTC-HGS-TOPO,POINT(37 -17),"POLYGON((1 1,1 1,1 1,1 1,1 1))",2011-05-03 00:16:00,True,,1200,38.0,-16.0,36.0,-18.0,-227.459676,549.553512,-17.0,37.0,594.7663127292593,0.0
446,2011-05-03 03:54:00,2011-05-03 04:08:00,B9.2,POINT(549.5322 -227.6562),"POLYGON((16.67838 83.247,16.67838 83.247,16.67838 83.247,16.67838 83.247,16.67838 83.247))",POINT(0.625208722041284 247.49710688709),"POLYGON((0.089239 348.67089,0.089239 348.67089,0.089239 348.67089,0.089239 348.67089,0.089239 348.67089))",POINT(122.084849 -17),"POLYGON((86.084849 1,86.084849 1,86.084849 1,86.084849 1,86.084849 1))",UTC-HGS-TOPO,POINT(37 -17),"POLYGON((1 1,1 1,1 1,1 1,1 1))",2011-05-03 03:59:00,True,,1200,38.0,-16.0,36.0,-18.0,-227.6562,549.5322,-17.0,37.0,594.8218088093946,0.0
447,2011-05-03 06:20:00,2011-05-03 06:35:00,B6.3,POINT(586.8456 -229.8222),"POLYGON((16.67796 83.0724,16.67796 83.0724,16.67796 83.0724,16.67796 83.0724,16.67796 83.0724))",POINT(0.66245593744941 248.61354927754),"POLYGON((0.089061 348.647975,0.089061 348.647975,0.089061 348.647975,0.089061 348.647975,0.089061 348.647975))",POINT(123.744741 -17),"POLYGON((84.744741 1,84.744741 1,84.744741 1,84.744741 1,84.744741 1))",UTC-HGS-TOPO,POINT(40 -17),"POLYGON((1 1,1 1,1 1,1 1,1 1))",2011-05-03 06:25:00,True,,1200,41.0,-16.0,39.0,-18.0,-229.8222,586.8456,-17.0,40.0,630.2428118211267,0.0
448,2011-05-03 10:47:00,2011-05-03 10:56:00,C1.3,POINT(-654.726 275.6118),"POLYGON((16.67718 82.7526,16.67718 82.7526,16.67718 82.7526,16.67718 82.7526,16.67718 82.7526))",POINT(0.746714782245767 67.1709773131588),"POLYGON((0.088735 348.605769,0.088735 348.605769,0.088735 348.605769,0.088735 348.605769,0.088735 348.605769))",POINT(36.293976 14),"POLYGON((82.293976 1,82.293976 1,82.293976 1,82.293976 1,82.293976 1))",UTC-HGS-TOPO,POINT(-45 14),"POLYGON((1 1,1 1,1 1,1 1,1 1))",2011-05-03 10:52:00,True,,1205,-44.0,15.0,-46.0,13.0,275.6118,-654.726,14.0,-45.0,710.3717332321437,0.0
449,2011-05-03 10:47:00,2011-05-03 10:56:00,C1.3,POINT(-654.726 275.6118),"POLYGON((16.67718 82.7526,16.67718 82.7526,16.67718 82.7526,16.67718 82.7526,16.67718 82.7526))",POINT(0.746714782245767 67.1709773131588),"POLYGON((0.088735 348.605769,0.088735 348.605769,0.088735 348.605769,0.088735 348.605769,0.088735 348.605769))",POINT(36.293976 14),"POLYGON((82.293976 1,82.293976 1,82.293976 1,82.293976 1,82.293976 1))",UTC-HGS-TOPO,POINT(-45 14),"POLYGON((1 1,1 1,1 1,1 1,1 1))",2011-05-03 10:52:00,True,,1205,-44.0,15.0,-46.0,13.0,275.6118,-654.726,14.0,-45.0,710.3717332321437,0.0
450,2011-05-03 18:44:00,2011-05-03 18:57:00,B4.1,POINT(-458.9208 317.0988),"POLYGON((16.6758 82.1802,16.6758 82.1802,16.6758 82.1802,16.6758 82.1802,16.6758 82.1802))",POINT(0.586403391477944 55.3568344322084),"POLYGON((0.088152 348.529427,0.088152 348.529427,0.088152 348.529427,0.088152 348.529427,0.088152 348.529427))",POINT(46.915583 16),"POLYGON((77.915583 1,77.915583 1,77.915583 1,77.915583 1,77.915583 1))",UTC-HGS-TOPO,POINT(-30 16),"POLYGON((1 1,1 1,1 1,1 1,1 1))",2011-05-03 18:48:00,True,,1204,-29.0,17.0,-31.0,15.0,317.0988,-458.9208,16.0,-30.0,557.8171292046168,0.0
451,2011-05-04 01:44:00,2011-05-04 01:51:00,B9.3,POINT(-486.309 315.5208),"POLYGON((16.67466 81.6744,16.67466 81.6744,16.67466 81.6744,16.67466 81.6744,16.67466 81.6744))",POINT(0.609449346911286 57.0242008970802),"POLYGON((0.087637 348.461059,0.087637 348.461059,0.087637 348.461059,0.087637 348.461059,0.087637 348.461059))",POINT(41.060329 16),"POLYGON((74.060329 1,74.060329 1,74.060329 1,74.060329 1,74.060329 1))",UTC-HGS-TOPO,POINT(-32 16),"POLYGON((1 1,1 1,1 1,1 1,1 1))",2011-05-04 01:45:00,True,,1205,-31.0,17.0,-33.0,15.0,315.5208,-486.309,16.0,-32.0,579.6980409779216,0.0
452,2011-05-04 10:56:00,2011-05-04 11:04:00,B4.5,POINT(-275.4798 398.5602),"POLYGON((16.67304 81.0072,16.67304 81.0072,16.67304 81.0072,16.67304 81.0072,16.67304 81.0072))",POINT(0.509412343680847 34.6517408058296),"POLYGON((0.086958 348.3697,0.086958 348.3697,0.086958 348.3697,0.086958 348.3697,0.086958 348.3697))",POINT(49.993331 21),"POLYGON((68.993331 1,68.993331 1,68.993331 1,68.993331 1,68.993331 1))",UTC-HGS-TOPO,POINT(-18 21),"POLYGON((1 1,1 1,1 1,1 1,1 1))",2011-05-04 10:59:00,True,,1204,-17.0,22.0,-19.0,20.0,398.5602,-275.4798,21.0,-18.0,484.49907454202634,0.0
453,2011-05-05 08:42:00,2011-05-05 08:48:00,B3.0,POINT(834.33 240.6),"POLYGON((16.66938 79.4202,16.66938 79.4202,16.66938 79.4202,16.66938 79.4202,16.66938 79.4202))",POINT(0.913179427230374 286.086244308992),"POLYGON((0.085342 348.146344,0.085342 348.146344,0.085342 348.146344,0.085342 348.146344,0.085342 348.146344))",POINT(120.004693 13),"POLYGON((57.004693 1,57.004693 1,57.004693 1,57.004693 1,57.004693 1))",UTC-HGS-TOPO,POINT(64 13),"POLYGON((1 1,1 1,1 1,1 1,1 1))",2011-05-05 08:45:00,True,,1201,65.0,14.0,63.0,12.0,240.6,834.33,13.0,64.0,868.3288022978392,0.0
454,2011-05-05 17:42:00,2011-05-05 17:50:00,B2.9,POINT(-63.349326 353.3895),"POLYGON((16.667894 78.759978,16.667894 78.759978,16.667894 78.759978,16.667894 78.759978,16.667894 78.759978))",POINT(0.377600737095583 10.1630139295528),"POLYGON((0.08467 348.050859,0.08467 348.050859,0.08467 348.050859,0.08467 348.050859,0.08467 348.050859))",POINT(47.047508 18),"POLYGON((52.047508 1,52.047508 1,52.047508 1,52.047508 1,52.047508 1))",UTC-HGS-TOPO,POINT(-4 18),"POLYGON((1 1,1 1,1 1,1 1,1 1))",2011-05-05 17:46:00,True,,1204,-3.0,19.0,-5.0,17.0,353.3895,-63.349326,18.0,-4.0,359.02266755025965,0.0
455,2011-05-05 17:51:00,2011-05-05 17:56:00,B8.0,POINT(-79.1496 353.2956),"POLYGON((16.66788 78.7488,16.66788 78.7488,16.66788 78.7488,16.66788 78.7488,16.66788 78.7488))",POINT(0.380788541445326 12.6275951071478),"POLYGON((0.084659 348.049221,0.084659 348.049221,0.084659 348.049221,0.084659 348.049221,0.084659 348.049221))",POINT(45.964885 18),"POLYGON((51.964885 1,51.964885 1,51.964885 1,51.964885 1,51.964885 1))",UTC-HGS-TOPO,POINT(-5 18),"POLYGON((1 1,1 1,1 1,1 1,1 1))",2011-05-05 17:56:00,True,,1204,-4.0,19.0,-6.0,17.0,353.2956,-79.1496,18.0,-5.0,362.0530902499245,0.0
456,2011-05-05 20:37:00,2011-05-05 20:51:00,B4.2,POINT(-47.52774 353.2464),"POLYGON((16.6674 78.5454,16.6674 78.5454,16.6674 78.5454,16.6674 78.5454,16.6674 78.5454))",POINT(0.374884142228949 7.66287561991657),"POLYGON((0.084452 348.019502,0.084452 348.019502,0.084452 348.019502,0.084452 348.019502,0.084452 348.019502))",POINT(46.440989 18),"POLYGON((50.440989 1,50.440989 1,50.440989 1,50.440989 1,50.440989 1))",UTC-HGS-TOPO,POINT(-3 18),"POLYGON((1 1,1 1,1 1,1 1,1 1))",2011-05-05 20:43:00,True,,1204,-2.0,19.0,-4.0,17.0,353.2464,-47.52774,18.0,-3.0,356.42938316371675,0.0
457,2011-05-06 03:08:00,2011-05-06 03:15:00,B3.9,POINT(620.604 411.7032),"POLYGON((16.66632 78.0654,16.66632 78.0654,16.66632 78.0654,16.66632 78.0654,16.66632 78.0654))",POINT(0.783358767484779 303.559943294357),"POLYGON((0.083963 347.948743,0.083963 347.948743,0.083963 347.948743,0.083963 347.948743,0.083963 347.948743))",POINT(90.851535 23),"POLYGON((46.851535 1,46.851535 1,46.851535 1,46.851535 1,46.851535 1))",UTC-HGS-TOPO,POINT(45 23),"POLYGON((1 1,1 1,1 1,1 1,1 1))",2011-05-06 03:12:00,True,,1206,46.0,24.0,44.0,22.0,411.7032,620.604,23.0,45.0,744.7475073514781,0.0
458,2011-05-06 08:50:00,2011-05-06 08:55:00,B2.9,POINT(95.9358 320.964),"POLYGON((16.66536 77.6448,16.66536 77.6448,16.66536 77.6448,16.66536 77.6448,16.66536 77.6448))",POINT(0.352382455413413 343.35865033674),"POLYGON((0.083535 347.886062,0.083535 347.886062,0.083535 347.886062,0.083535 347.886062,0.083535 347.886062))",POINT(48.711868 16),"POLYGON((43.711868 1,43.711868 1,43.711868 1,43.711868 1,43.711868 1))",UTC-HGS-TOPO,POINT(6 16),"POLYGON((1 1,1 1,1 1,1 1,1 1))",2011-05-06 08:53:00,True,,1204,7.0,17.0,5.0,15.0,320.964,95.9358,16.0,6.0,334.9948761065458,0.0
459,2011-05-06 22:19:00,2011-05-06 22:26:00,B2.6,POINT(206.4138 318.8022),"POLYGON((16.6632 76.6464,16.6632 76.6464,16.6632 76.6464,16.6632 76.6464,16.6632 76.6464))",POINT(0.399557002982586 327.078288485115),"POLYGON((0.082519 347.734556,0.082519 347.734556,0.082519 347.734556,0.082519 347.734556,0.082519 347.734556))",POINT(48.284839 16),"POLYGON((36.284839 1,36.284839 1,36.284839 1,36.284839 1,36.284839 1))",UTC-HGS-TOPO,POINT(13 16),"POLYGON((1 1,1 1,1 1,1 1,1 1))",2011-05-06 22:22:00,True,,1204,14.0,17.0,12.0,15.0,318.8022,206.4138,16.0,13.0,379.7913895223008,0.0
460,2011-05-07 15:30:00,2011-05-07 15:49:00,B3.3,POINT(345.2838 299.097),"POLYGON((16.66038 75.3666,16.66038 75.3666,16.66038 75.3666,16.66038 75.3666,16.66038 75.3666))",POINT(0.480669487563951 310.900264506707),"POLYGON((0.081217 347.534781,0.081217 347.534781,0.081217 347.534781,0.081217 347.534781,0.081217 347.534781))",POINT(47.819425 15),"POLYGON((26.819425 1,26.819425 1,26.819425 1,26.819425 1,26.819425 1))",UTC-HGS-TOPO,POINT(22 15),"POLYGON((1 1,1 1,1 1,1 1,1 1))",2011-05-07 15:38:00,True,,1204,23.0,16.0,21.0,14.0,299.097,345.2838,15.0,22.0,456.8149712426685,0.0
461,2011-05-09 05:11:00,2011-05-09 05:18:00,C1.4,POINT(-306.552 375.0156),"POLYGON((16.65438 72.534,16.65438 72.534,16.65438 72.534,16.65438 72.534,16.65438 72.534))",POINT(0.509843412725622 39.2638689785481),"POLYGON((0.078336 347.068574,0.078336 347.068574,0.078336 347.068574,0.078336 347.068574,0.078336 347.068574))",POINT(-14.9395976 20),"POLYGON((6.060402 1,6.060402 1,6.060402 1,6.060402 1,6.060402 1))",UTC-HGS-TOPO,POINT(-20 20),"POLYGON((1 1,1 1,1 1,1 1,1 1))",2011-05-09 05:16:00,True,,1210,-19.0,21.0,-21.0,19.0,375.0156,-306.552,20.0,-20.0,484.3664201277376,0.0
462,2011-05-09 05:11:00,2011-05-09 05:18:00,C1.4,POINT(-306.552 375.0156),"POLYGON((16.65438 72.534,16.65438 72.534,16.65438 72.534,16.65438 72.534,16.65438 72.534))",POINT(0.509843412725622 39.2638689785481),"POLYGON((0.078336 347.068574,0.078336 347.068574,0.078336 347.068574,0.078336 347.068574,0.078336 347.068574))",POINT(-14.9395976 20),"POLYGON((6.060402 1,6.060402 1,6.060402 1,6.060402 1,6.060402 1))",UTC-HGS-TOPO,POINT(-20 20),"POLYGON((1 1,1 1,1 1,1 1,1 1))",2011-05-09 05:16:00,True,,1210,-19.0,21.0,-21.0,19.0,375.0156,-306.552,20.0,-20.0,484.3664201277376,0.0
463,2011-05-09 13:19:00,2011-05-09 13:25:00,B7.1,POINT(-218.1978 360.756),"POLYGON((16.65312 71.9184,16.65312 71.9184,16.65312 71.9184,16.65312 71.9184,16.65312 71.9184))",POINT(0.443820387365567 31.1670106012419),"POLYGON((0.07771 346.962604,0.07771 346.962604,0.07771 346.962604,0.07771 346.962604,0.07771 346.962604))",POINT(-13.42030989 19),"POLYGON((1.57969 1,1.57969 1,1.57969 1,1.57969 1,1.57969 1))",UTC-HGS-TOPO,POINT(-14 19),"POLYGON((1 1,1 1,1 1,1 1,1 1))",2011-05-09 13:25:00,True,,1210,-13.0,20.0,-15.0,18.0,360.756,-218.1978,19.0,-14.0,421.6102127093697,0.0
464,2011-05-09 17:31:00,2011-05-09 17:48:00,C1.5,POINT(-171.033 376.4064),"POLYGON((16.65246 71.5998,16.65246 71.5998,16.65246 71.5998,16.65246 71.5998,16.65246 71.5998))",POINT(0.435238790063465 24.4362819073592),"POLYGON((0.077386 346.907087,0.077386 346.907087,0.077386 346.907087,0.077386 346.907087,0.077386 346.907087))",POINT(-12.73415 20),"POLYGON((-0.73415 1,-0.73415 1,-0.73415 1,-0.73415 1,-0.73415 1))",UTC-HGS-TOPO,POINT(-11 20),"POLYGON((1 1,1 1,1 1,1 1,1 1))",2011-05-09 17:41:00,True,,1210,-10.0,21.0,-12.0,19.0,376.4064,-171.033,20.0,-11.0,413.441731142322,0.0
465,2011-05-09 17:31:00,2011-05-09 17:48:00,C1.5,POINT(-171.033 376.4064),"POLYGON((16.65246 71.5998,16.65246 71.5998,16.65246 71.5998,16.65246 71.5998,16.65246 71.5998))",POINT(0.435238790063465 24.4362819073592),"POLYGON((0.077386 346.907087,0.077386 346.907087,0.077386 346.907087,0.077386 346.907087,0.077386 346.907087))",POINT(-12.73415 20),"POLYGON((-0.73415 1,-0.73415 1,-0.73415 1,-0.73415 1,-0.73415 1))",UTC-HGS-TOPO,POINT(-11 20),"POLYGON((1 1,1 1,1 1,1 1,1 1))",2011-05-09 17:41:00,True,,1210,-10.0,21.0,-12.0,19.0,376.4064,-171.033,20.0,-11.0,413.441731142322,0.0
466,2011-05-13 13:48:00,2011-05-13 14:00:00,B2.2,POINT(543.5652 391.2084),"POLYGON((16.6383 64.497,16.6383 64.497,16.6383 64.497,16.6383 64.497,16.6383 64.497))",POINT(0.70561176095084 305.74287960301),"POLYGON((0.07018 345.534776,0.07018 345.534776,0.07018 345.534776,0.07018 345.534776,0.07018 345.534776))",POINT(-14.57932 22),"POLYGON((-51.57932 1,-51.57932 1,-51.57932 1,-51.57932 1,-51.57932 1))",UTC-HGS-TOPO,POINT(38 22),"POLYGON((1 1,1 1,1 1,1 1,1 1))",2011-05-13 13:55:00,True,,1210,39.0,23.0,37.0,21.0,391.2084,543.5652,22.0,38.0,669.7067558876795,0.0
467,2011-05-14 00:57:00,2011-05-14 01:00:00,B2.1,POINT(833.91 -308.931),"POLYGON((16.63662 63.6264,16.63662 63.6264,16.63662 63.6264,16.63662 63.6264,16.63662 63.6264))",POINT(0.937065643478306 249.672304996168),"POLYGON((0.069298 345.346731,0.069298 345.346731,0.069298 345.346731,0.069298 345.346731,0.069298 345.346731))",POINT(10.27676 -20),"POLYGON((-57.72324 1,-57.72324 1,-57.72324 1,-57.72324 1,-57.72324 1))",UTC-HGS-TOPO,POINT(69 -20),"POLYGON((1 1,1 1,1 1,1 1,1 1))",2011-05-14 00:58:00,True,,1213,70.0,-19.0,68.0,-21.0,-308.931,833.91,-20.0,69.0,889.2942431282236,0.0
468,2011-05-15 23:25:00,2011-05-15 23:41:00,C4.8,POINT(671.928 210.9114),"POLYGON((16.62978 59.97234,16.62978 59.97234,16.62978 59.97234,16.62978 59.97234,16.62978 59.97234))",POINT(0.742388815894604 287.426545316289),"POLYGON((0.065605 344.501794,0.065605 344.501794,0.065605 344.501794,0.065605 344.501794,0.065605 344.501794))",POINT(-38.32889 11),"POLYGON((-83.32889 1,-83.32889 1,-83.32889 1,-83.32889 1,-83.32889 1))",UTC-HGS-TOPO,POINT(46 11),"POLYGON((1 1,1 1,1 1,1 1,1 1))",2011-05-15 23:30:00,True,,1208,47.0,12.0,45.0,10.0,210.9114,671.928,11.0,46.0,704.2519831949073,0.0
469,2011-05-16 10:31:00,2011-05-16 10:49:00,B5.7,POINT(728.004 191.301),"POLYGON((16.62816 59.09346,16.62816 59.09346,16.62816 59.09346,16.62816 59.09346,16.62816 59.09346))",POINT(0.793557620167946 284.723025036787),"POLYGON((0.064719 344.284063,0.064719 344.284063,0.064719 344.284063,0.064719 344.284063,0.064719 344.284063))",POINT(-39.44592 10),"POLYGON((-89.44592 1,-89.44592 1,-89.44592 1,-89.44592 1,-89.44592 1))",UTC-HGS-TOPO,POINT(51 10),"POLYGON((1 1,1 1,1 1,1 1,1 1))",2011-05-16 10:40:00,True,,1208,52.0,11.0,50.0,9.0,191.301,728.004,10.0,51.0,752.7190024285289,0.0
470,2011-05-16 10:31:00,2011-05-16 10:49:00,B5.7,POINT(728.004 191.301),"POLYGON((16.62816 59.09346,16.62816 59.09346,16.62816 59.09346,16.62816 59.09346,16.62816 59.09346))",POINT(0.793557620167946 284.723025036787),"POLYGON((0.064719 344.284063,0.064719 344.284063,0.064719 344.284063,0.064719 344.284063,0.064719 344.284063))",POINT(-39.44592 10),"POLYGON((-89.44592 1,-89.44592 1,-89.44592 1,-89.44592 1,-89.44592 1))",UTC-HGS-TOPO,POINT(51 10),"POLYGON((1 1,1 1,1 1,1 1,1 1))",2011-05-16 10:40:00,True,,1208,52.0,11.0,50.0,9.0,191.301,728.004,10.0,51.0,752.7190024285289,0.0
471,2011-05-16 23:19:00,2011-05-16 23:27:00,B3.0,POINT(210.4854 -350.2566),"POLYGON((16.6263 58.0773,16.6263 58.0773,16.6263 58.0773,16.6263 58.0773,16.6263 58.0773))",POINT(0.430855094419075 211.003605857799),"POLYGON((0.063695 344.024705,0.063695 344.024705,0.063695 344.024705,0.063695 344.024705,0.063695 344.024705))",POINT(-83.49994 -24),"POLYGON((-96.49994 1,-96.49994 1,-96.49994 1,-96.49994 1,-96.49994 1))",UTC-HGS-TOPO,POINT(14 -24),"POLYGON((1 1,1 1,1 1,1 1,1 1))",2011-05-16 23:23:00,True,,1214,15.0,-23.0,13.0,-25.0,-350.2566,210.4854,-24.0,14.0,408.63650039701537,0.0
472,2011-05-17 01:40:00,2011-05-17 01:48:00,B2.6,POINT(836.334 166.9944),"POLYGON((16.62594 57.8904,16.62594 57.8904,16.62594 57.8904,16.62594 57.8904,16.62594 57.8904))",POINT(0.89923291562958 281.291987458731),"POLYGON((0.063507 343.976102,0.063507 343.976102,0.063507 343.976102,0.063507 343.976102,0.063507 343.976102))",POINT(-35.79503 9),"POLYGON((-97.79503 1,-97.79503 1,-97.79503 1,-97.79503 1,-97.79503 1))",UTC-HGS-TOPO,POINT(63 9),"POLYGON((1 1,1 1,1 1,1 1,1 1))",2011-05-17 01:43:00,True,,1208,64.0,10.0,62.0,8.0,166.9944,836.334,9.0,63.0,852.8432969704105,0.0
473,2011-05-17 01:40:00,2011-05-17 01:48:00,B2.6,POINT(836.334 166.9944),"POLYGON((16.62594 57.8904,16.62594 57.8904,16.62594 57.8904,16.62594 57.8904,16.62594 57.8904))",POINT(0.89923291562958 281.291987458731),"POLYGON((0.063507 343.976102,0.063507 343.976102,0.063507 343.976102,0.063507 343.976102,0.063507 343.976102))",POINT(-35.79503 9),"POLYGON((-97.79503 1,-97.79503 1,-97.79503 1,-97.79503 1,-97.79503 1))",UTC-HGS-TOPO,POINT(63 9),"POLYGON((1 1,1 1,1 1,1 1,1 1))",2011-05-17 01:43:00,True,,1208,64.0,10.0,62.0,8.0,166.9944,836.334,9.0,63.0,852.8432969704105,0.0
474,2011-05-17 20:15:00,2011-05-17 20:23:00,B5.3,POINT(237.8598 -367.3806),"POLYGON((16.6233 56.40924,16.6233 56.40924,16.6233 56.40924,16.6233 56.40924,16.6233 56.40924))",POINT(0.461539824662248 212.920953809008),"POLYGON((0.062016 343.580225,0.062016 343.580225,0.062016 343.580225,0.062016 343.580225,0.062016 343.580225))",POINT(-93.03654 -25),"POLYGON((-108.03654 1,-108.03654 1,-108.03654 1,-108.03654 1,-108.03654 1))",UTC-HGS-TOPO,POINT(16 -25),"POLYGON((1 1,1 1,1 1,1 1,1 1))",2011-05-17 20:23:00,True,,1214,17.0,-24.0,15.0,-26.0,-367.3806,237.8598,-25.0,16.0,437.6594449025407,0.0
475,2011-05-17 20:15:00,2011-05-17 20:38:00,B5.3,POINT(237.8598 -367.3806),"POLYGON((16.6233 56.40924,16.6233 56.40924,16.6233 56.40924,16.6233 56.40924,16.6233 56.40924))",POINT(0.461539824662248 212.920953809008),"POLYGON((0.062016 343.580225,0.062016 343.580225,0.062016 343.580225,0.062016 343.580225,0.062016 343.580225))",POINT(-93.03654 -25),"POLYGON((-108.03654 1,-108.03654 1,-108.03654 1,-108.03654 1,-108.03654 1))",UTC-HGS-TOPO,POINT(16 -25),"POLYGON((1 1,1 1,1 1,1 1,1 1))",2011-05-17 20:23:00,True,,1217,17.0,-24.0,15.0,-26.0,-367.3806,237.8598,-25.0,16.0,437.6594449025407,0.0
476,2011-05-18 00:56:00,2011-05-18 01:05:00,B2.4,POINT(909.702 157.7562),"POLYGON((16.62258 56.03508,16.62258 56.03508,16.62258 56.03508,16.62258 56.03508,16.62258 56.03508))",POINT(0.973696337665804 279.838120495713),"POLYGON((0.06164 343.477223,0.06164 343.477223,0.06164 343.477223,0.06164 343.477223,0.06164 343.477223))",POINT(-35.61764 9),"POLYGON((-110.61764 1,-110.61764 1,-110.61764 1,-110.61764 1,-110.61764 1))",UTC-HGS-TOPO,POINT(76 9),"POLYGON((1 1,1 1,1 1,1 1,1 1))",2011-05-18 01:00:00,True,,1208,77.0,10.0,75.0,8.0,157.7562,909.702,9.0,76.0,923.279344208696,0.0
477,2011-05-18 00:56:00,2011-05-18 01:05:00,B2.4,POINT(909.702 157.7562),"POLYGON((16.62258 56.03508,16.62258 56.03508,16.62258 56.03508,16.62258 56.03508,16.62258 56.03508))",POINT(0.973696337665804 279.838120495713),"POLYGON((0.06164 343.477223,0.06164 343.477223,0.06164 343.477223,0.06164 343.477223,0.06164 343.477223))",POINT(-35.61764 9),"POLYGON((-110.61764 1,-110.61764 1,-110.61764 1,-110.61764 1,-110.61764 1))",UTC-HGS-TOPO,POINT(76 9),"POLYGON((1 1,1 1,1 1,1 1,1 1))",2011-05-18 01:00:00,True,,1208,77.0,10.0,75.0,8.0,157.7562,909.702,9.0,76.0,923.279344208696,0.0
478,2011-05-18 12:48:00,2011-05-18 13:07:00,C1.2,POINT(-898.284 -254.9406),"POLYGON((16.6209 55.08528,16.6209 55.08528,16.6209 55.08528,16.6209 55.08528,16.6209 55.08528))",POINT(0.984850401890002 105.84439065486),"POLYGON((0.060686 343.209844,0.060686 343.209844,0.060686 343.209844,0.060686 343.209844,0.060686 343.209844))",POINT(161.84225 -16),"POLYGON((-117.15775 1,-117.15775 1,-117.15775 1,-117.15775 1,-117.15775 1))",UTC-HGS-TOPO,POINT(-80 -16),"POLYGON((1 1,1 1,1 1,1 1,1 1))",2011-05-18 12:59:00,True,,1218,-79.0,-15.0,-81.0,-17.0,-254.9406,-898.284,-16.0,-80.0,933.7605978966772,0.0
479,2011-05-18 12:48:00,2011-05-18 13:07:00,C1.2,POINT(-898.284 -254.9406),"POLYGON((16.6209 55.08528,16.6209 55.08528,16.6209 55.08528,16.6209 55.08528,16.6209 55.08528))",POINT(0.984850401890002 105.84439065486),"POLYGON((0.060686 343.209844,0.060686 343.209844,0.060686 343.209844,0.060686 343.209844,0.060686 343.209844))",POINT(161.84225 -16),"POLYGON((-117.15775 1,-117.15775 1,-117.15775 1,-117.15775 1,-117.15775 1))",UTC-HGS-TOPO,POINT(-80 -16),"POLYGON((1 1,1 1,1 1,1 1,1 1))",2011-05-18 12:59:00,True,,1218,-79.0,-15.0,-81.0,-17.0,-254.9406,-898.284,-16.0,-80.0,933.7605978966772,0.0
480,2011-05-19 02:09:00,2011-05-19 02:15:00,B3.5,POINT(935.256 150.1452),"POLYGON((16.61898 54.0141,16.61898 54.0141,16.61898 54.0141,16.61898 54.0141,16.61898 54.0141))",POINT(0.999172347231607 279.120394138247),"POLYGON((0.059612 342.897991,0.059612 342.897991,0.059612 342.897991,0.059612 342.897991,0.059612 342.897991))",POINT(-38.51552 9),"POLYGON((-124.51552 1,-124.51552 1,-124.51552 1,-124.51552 1,-124.51552 1))",UTC-HGS-TOPO,POINT(87 9),"POLYGON((1 1,1 1,1 1,1 1,1 1))",2011-05-19 02:13:00,True,,1208,88.0,10.0,86.0,8.0,150.1452,935.256,9.0,87.0,947.231421891736,0.0
481,2011-05-19 09:38:00,2011-05-19 09:40:00,B2.2,POINT(-838.044 -231.1974),"POLYGON((16.61796 53.41242,16.61796 53.41242,16.61796 53.41242,16.61796 53.41242,16.61796 53.41242))",POINT(0.917079118566575 105.422977612305),"POLYGON((0.059009 342.717756,0.059009 342.717756,0.059009 342.717756,0.059009 342.717756,0.059009 342.717756))",POINT(164.36001 -15),"POLYGON((-128.63999 1,-128.63999 1,-128.63999 1,-128.63999 1,-128.63999 1))",UTC-HGS-TOPO,POINT(-66 -15),"POLYGON((1 1,1 1,1 1,1 1,1 1))",2011-05-19 09:39:00,True,,1218,-65.0,-14.0,-67.0,-16.0,-231.1974,-838.044,-15.0,-66.0,869.350322771413,0.0
482,2011-05-21 07:35:00,2011-05-21 07:49:00,B1.6,POINT(798.21 -374.0628),"POLYGON((16.61154 49.69974,16.61154 49.69974,16.61154 49.69974,16.61154 49.69974,16.61154 49.69974))",POINT(0.930267293875247 244.890940732316),"POLYGON((0.055301 341.518415,0.055301 341.518415,0.055301 341.518415,0.055301 341.518415,0.055301 341.518415))",POINT(-87.96664 -24),"POLYGON((-153.96664 1,-153.96664 1,-153.96664 1,-153.96664 1,-153.96664 1))",UTC-HGS-TOPO,POINT(67 -24),"POLYGON((1 1,1 1,1 1,1 1,1 1))",2011-05-21 07:42:00,True,,1217,68.0,-23.0,66.0,-25.0,-374.0628,798.21,-24.0,67.0,881.5113059081204,0.0
483,2011-05-21 07:35:00,2011-05-21 07:49:00,B1.6,POINT(798.21 -374.0628),"POLYGON((16.61154 49.69974,16.61154 49.69974,16.61154 49.69974,16.61154 49.69974,16.61154 49.69974))",POINT(0.930267293875247 244.890940732316),"POLYGON((0.055301 341.518415,0.055301 341.518415,0.055301 341.518415,0.055301 341.518415,0.055301 341.518415))",POINT(-87.96664 -24),"POLYGON((-153.96664 1,-153.96664 1,-153.96664 1,-153.96664 1,-153.96664 1))",UTC-HGS-TOPO,POINT(67 -24),"POLYGON((1 1,1 1,1 1,1 1,1 1))",2011-05-21 07:42:00,True,,1214,68.0,-23.0,66.0,-25.0,-374.0628,798.21,-24.0,67.0,881.5113059081204,0.0
484,2011-05-21 19:25:00,2011-05-21 19:30:00,B2.7,POINT(847.458 -379.4412),"POLYGON((16.60986 48.73878,16.60986 48.73878,16.60986 48.73878,16.60986 48.73878,16.60986 48.73878))",POINT(0.979978584164031 245.880008418178),"POLYGON((0.054345 341.181223,0.054345 341.181223,0.054345 341.181223,0.054345 341.181223,0.054345 341.181223))",POINT(-83.48922 -24),"POLYGON((-160.48922 1,-160.48922 1,-160.48922 1,-160.48922 1,-160.48922 1))",UTC-HGS-TOPO,POINT(78 -24),"POLYGON((1 1,1 1,1 1,1 1,1 1))",2011-05-21 19:30:00,True,,1214,79.0,-23.0,77.0,-25.0,-379.4412,847.458,-24.0,78.0,928.5260825746576,0.0
485,2011-05-21 19:25:00,2011-05-21 19:30:00,B2.7,POINT(847.458 -379.4412),"POLYGON((16.60986 48.73878,16.60986 48.73878,16.60986 48.73878,16.60986 48.73878,16.60986 48.73878))",POINT(0.979978584164031 245.880008418178),"POLYGON((0.054345 341.181223,0.054345 341.181223,0.054345 341.181223,0.054345 341.181223,0.054345 341.181223))",POINT(-83.48922 -24),"POLYGON((-160.48922 1,-160.48922 1,-160.48922 1,-160.48922 1,-160.48922 1))",UTC-HGS-TOPO,POINT(78 -24),"POLYGON((1 1,1 1,1 1,1 1,1 1))",2011-05-21 19:30:00,True,,1214,79.0,-23.0,77.0,-25.0,-379.4412,847.458,-24.0,78.0,928.5260825746576,0.0
486,2011-05-22 20:04:00,2011-05-22 20:09:00,B1.2,POINT(819.846 211.074),"POLYGON((16.6065 46.73124,16.6065 46.73124,16.6065 46.73124,16.6065 46.73124,16.6065 46.73124))",POINT(0.893673607341358 284.43758303346),"POLYGON((0.052353 340.436728,0.052353 340.436728,0.052353 340.436728,0.052353 340.436728,0.052353 340.436728))",POINT(-113.07679 12),"POLYGON((-174.07679 1,-174.07679 1,-174.07679 1,-174.07679 1,-174.07679 1))",UTC-HGS-TOPO,POINT(62 12),"POLYGON((1 1,1 1,1 1,1 1,1 1))",2011-05-22 20:07:00,True,,1220,63.0,13.0,61.0,11.0,211.074,819.846,12.0,62.0,846.5811816902145,0.0
487,2011-05-22 20:04:00,2011-05-22 20:09:00,B1.2,POINT(819.846 211.074),"POLYGON((16.6065 46.73124,16.6065 46.73124,16.6065 46.73124,16.6065 46.73124,16.6065 46.73124))",POINT(0.893673607341358 284.43758303346),"POLYGON((0.052353 340.436728,0.052353 340.436728,0.052353 340.436728,0.052353 340.436728,0.052353 340.436728))",POINT(-113.07679 12),"POLYGON((-174.07679 1,-174.07679 1,-174.07679 1,-174.07679 1,-174.07679 1))",UTC-HGS-TOPO,POINT(62 12),"POLYGON((1 1,1 1,1 1,1 1,1 1))",2011-05-22 20:07:00,True,,1220,63.0,13.0,61.0,11.0,211.074,819.846,12.0,62.0,846.5811816902145,0.0
488,2011-05-23 02:37:00,2011-05-23 02:50:00,B1.9,POINT(841.314 209.4246),"POLYGON((16.6056 46.19652,16.6056 46.19652,16.6056 46.19652,16.6056 46.19652,16.6056 46.19652))",POINT(0.915264130090788 283.978291842888),"POLYGON((0.051824 340.228739,0.051824 340.228739,0.051824 340.228739,0.051824 340.228739,0.051824 340.228739))",POINT(-113.68737 12),"POLYGON((-177.68737 1,-177.68737 1,-177.68737 1,-177.68737 1,-177.68737 1))",UTC-HGS-TOPO,POINT(65 12),"POLYGON((1 1,1 1,1 1,1 1,1 1))",2011-05-23 02:41:00,True,,1220,66.0,13.0,64.0,11.0,209.4246,841.314,12.0,65.0,866.9878371010518,0.0
489,2011-05-26 00:21:00,2011-05-26 00:28:00,B1.3,POINT(-470.5104 -242.2056),"POLYGON((16.59648 40.47396,16.59648 40.47396,16.59648 40.47396,16.59648 40.47396,16.59648 40.47396))",POINT(0.558966380220167 117.238143437691),"POLYGON((0.046206 337.703758,0.046206 337.703758,0.046206 337.703758,0.046206 337.703758,0.046206 337.703758))",POINT(111.87114 -16),"POLYGON((143.87114 1,143.87114 1,143.87114 1,143.87114 1,143.87114 1))",UTC-HGS-TOPO,POINT(-31 -16),"POLYGON((1 1,1 1,1 1,1 1,1 1))",2011-05-26 00:25:00,True,,1223,-30.0,-15.0,-32.0,-17.0,-242.2056,-470.5104,-16.0,-31.0,529.19144851322,0.0
490,2011-05-26 01:01:00,2011-05-26 01:15:00,B4.4,POINT(-459.012 -225.9852),"POLYGON((16.59636 40.419,16.59636 40.419,16.59636 40.419,16.59636 40.419,16.59636 40.419))",POINT(0.540415549209867 116.212388920523),"POLYGON((0.046152 337.67656,0.046152 337.67656,0.046152 337.67656,0.046152 337.67656,0.046152 337.67656))",POINT(112.50361 -15),"POLYGON((143.50361 1,143.50361 1,143.50361 1,143.50361 1,143.50361 1))",UTC-HGS-TOPO,POINT(-30 -15),"POLYGON((1 1,1 1,1 1,1 1,1 1))",2011-05-26 01:10:00,True,,1223,-29.0,-14.0,-31.0,-16.0,-225.9852,-459.012,-15.0,-30.0,511.6261591856304,0.0
491,2011-05-27 09:50:00,2011-05-27 09:59:00,B4.4,POINT(-143.6526 -225.8442),"POLYGON((16.59222 37.70934,16.59222 37.70934,16.59222 37.70934,16.59222 37.70934,16.59222 37.70934))",POINT(0.282791053793214 147.540805847256),"POLYGON((0.043527 336.250365,0.043527 336.250365,0.043527 336.250365,0.043527 336.250365,0.043527 336.250365))",POINT(115.41165 -15),"POLYGON((125.41165 1,125.41165 1,125.41165 1,125.41165 1,125.41165 1))",UTC-HGS-TOPO,POINT(-9 -15),"POLYGON((1 1,1 1,1 1,1 1,1 1))",2011-05-27 09:53:00,True,,1223,-8.0,-14.0,-10.0,-16.0,-225.8442,-143.6526,-15.0,-9.0,267.6596199661055,0.0
492,2011-05-27 17:53:00,2011-05-27 18:10:00,C1.1,POINT(-883.536 -338.8014),"POLYGON((16.59126 37.04328,16.59126 37.04328,16.59126 37.04328,16.59126 37.04328,16.59126 37.04328))",POINT(0.999821865622479 110.979859557015),"POLYGON((0.042886 335.87294,0.042886 335.87294,0.042886 335.87294,0.042886 335.87294,0.042886 335.87294))",POINT(30.97353 -21),"POLYGON((120.97353 1,120.97353 1,120.97353 1,120.97353 1,120.97353 1))",UTC-HGS-TOPO,POINT(-89 -21),"POLYGON((1 1,1 1,1 1,1 1,1 1))",2011-05-27 18:04:00,True,,1226,-88.0,-20.0,-90.0,-22.0,-338.8014,-883.536,-21.0,-89.0,946.2675371891187,0.0
493,2011-05-28 10:22:00,2011-05-28 10:30:00,C5.3,POINT(-854.34 -334.8546),"POLYGON((16.58922 35.67792,16.58922 35.67792,16.58922 35.67792,16.58922 35.67792,16.58922 35.67792))",POINT(0.969668592405201 111.402465794936),"POLYGON((0.041578 335.06291,0.041578 335.06291,0.041578 335.06291,0.041578 335.06291,0.041578 335.06291))",POINT(35.8858 -21),"POLYGON((111.8858 1,111.8858 1,111.8858 1,111.8858 1,111.8858 1))",UTC-HGS-TOPO,POINT(-75 -21),"POLYGON((1 1,1 1,1 1,1 1,1 1))",2011-05-28 10:30:00,True,,1226,-74.0,-20.0,-76.0,-22.0,-334.8546,-854.34,-21.0,-75.0,917.6188962424216,0.0
494,2011-05-28 13:11:00,2011-05-28 13:17:00,C1.4,POINT(-870.612 -320.2218),"POLYGON((16.58892 35.4444,16.58892 35.4444,16.58892 35.4444,16.58892 35.4444,16.58892 35.4444))",POINT(0.980273106626361 110.194142749177),"POLYGON((0.041355 334.919158,0.041355 334.919158,0.041355 334.919158,0.041355 334.919158,0.041355 334.919158))",POINT(31.33288 -20),"POLYGON((110.33288 1,110.33288 1,110.33288 1,110.33288 1,110.33288 1))",UTC-HGS-TOPO,POINT(-78 -20),"POLYGON((1 1,1 1,1 1,1 1,1 1))",2011-05-28 13:15:00,True,,1226,-77.0,-19.0,-79.0,-21.0,-320.2218,-870.612,-20.0,-78.0,927.6353031979971,0.0
495,2011-05-28 21:44:00,2011-05-28 22:02:00,M1.2,POINT(-846.816 -318.765),"POLYGON((16.5879 34.73526,16.5879 34.73526,16.5879 34.73526,16.5879 34.73526,16.5879 34.73526))",POINT(0.956227249623798 110.627727689913),"POLYGON((0.04068 334.473089,0.04068 334.473089,0.04068 334.473089,0.04068 334.473089,0.04068 334.473089))",POINT(32.61893 -20),"POLYGON((105.61893 1,105.61893 1,105.61893 1,105.61893 1,105.61893 1))",UTC-HGS-TOPO,POINT(-72 -20),"POLYGON((1 1,1 1,1 1,1 1,1 1))",2011-05-28 21:50:00,True,,1226,-71.0,-19.0,-73.0,-21.0,-318.765,-846.816,-20.0,-72.0,904.8251008239107,0.0
496,2011-05-29 01:54:00,2011-05-29 01:59:00,C5.9,POINT(-825.768 -317.853),"POLYGON((16.58742 34.38954,16.58742 34.38954,16.58742 34.38954,16.58742 34.38954,16.58742 34.38954))",POINT(0.935123515024219 111.052615717264),"POLYGON((0.040351 334.250169,0.040351 334.250169,0.040351 334.250169,0.040351 334.250169,0.040351 334.250169))",POINT(34.32167 -20),"POLYGON((103.32167 1,103.32167 1,103.32167 1,103.32167 1,103.32167 1))",UTC-HGS-TOPO,POINT(-68 -20),"POLYGON((1 1,1 1,1 1,1 1,1 1))",2011-05-29 01:59:00,True,,1226,-67.0,-19.0,-69.0,-21.0,-317.853,-825.768,-20.0,-68.0,884.8295425860283,0.0
497,2011-05-29 07:13:00,2011-05-29 07:19:00,B9.4,POINT(-814.5039 -333.288084),"POLYGON((16.586767 33.948224,16.586767 33.948224,16.586767 33.948224,16.586767 33.948224,16.586767 33.948224))",POINT(0.930113068014191 112.253961342516),"POLYGON((0.039933 333.960323,0.039933 333.960323,0.039933 333.960323,0.039933 333.960323,0.039933 333.960323))",POINT(32.390346 -21),"POLYGON((100.390346 1,100.390346 1,100.390346 1,100.390346 1,100.390346 1))",UTC-HGS-TOPO,POINT(-67 -21),"POLYGON((1 1,1 1,1 1,1 1,1 1))",2011-05-29 07:15:00,True,,1226,-66.0,-20.0,-68.0,-22.0,-333.288084,-814.5039,-21.0,-67.0,880.055424420304,0.0
498,2011-05-29 07:25:00,2011-05-29 07:35:00,C2.6,POINT(-813.702 -317.5254),"POLYGON((16.58676 33.93156,16.58676 33.93156,16.58676 33.93156,16.58676 33.93156,16.58676 33.93156))",POINT(0.923144369258878 111.316882977522),"POLYGON((0.039917 333.949234,0.039917 333.949234,0.039917 333.949234,0.039917 333.949234,0.039917 333.949234))",POINT(33.280076 -20),"POLYGON((100.280076 1,100.280076 1,100.280076 1,100.280076 1,100.280076 1))",UTC-HGS-TOPO,POINT(-66 -20),"POLYGON((1 1,1 1,1 1,1 1,1 1))",2011-05-29 07:30:00,True,,1226,-65.0,-19.0,-67.0,-21.0,-317.5254,-813.702,-20.0,-66.0,873.4605454450475,0.0
499,2011-05-29 08:07:00,2011-05-29 08:22:00,C2.1,POINT(-802.044 -332.8458),"POLYGON((16.58664 33.87342,16.58664 33.87342,16.58664 33.87342,16.58664 33.87342,16.58664 33.87342))",POINT(0.917765426082344 112.538300124465),"POLYGON((0.039862 333.91061,0.039862 333.91061,0.039862 333.91061,0.039862 333.91061,0.039862 333.91061))",POINT(33.894132 -21),"POLYGON((99.894132 1,99.894132 1,99.894132 1,99.894132 1,99.894132 1))",UTC-HGS-TOPO,POINT(-65 -21),"POLYGON((1 1,1 1,1 1,1 1,1 1))",2011-05-29 08:15:00,True,,1226,-64.0,-20.0,-66.0,-22.0,-332.8458,-802.044,-21.0,-65.0,868.3668029776587,0.0
500,2011-05-29 09:16:00,2011-05-29 09:27:00,C3.7,POINT(-808.392 -333.1128),"POLYGON((16.58652 33.77796,16.58652 33.77796,16.58652 33.77796,16.58652 33.77796,16.58652 33.77796))",POINT(0.924080668619325 112.395011430713),"POLYGON((0.039772 333.846855,0.039772 333.846855,0.039772 333.846855,0.039772 333.846855,0.039772 333.846855))",POINT(32.260081 -21),"POLYGON((99.260081 1,99.260081 1,99.260081 1,99.260081 1,99.260081 1))",UTC-HGS-TOPO,POINT(-66 -21),"POLYGON((1 1,1 1,1 1,1 1,1 1))",2011-05-29 09:24:00,True,,1226,-65.0,-20.0,-67.0,-22.0,-333.1128,-808.392,-21.0,-66.0,874.3350405810348,0.0
501,2011-05-29 09:44:00,2011-05-29 09:49:00,C3.0,POINT(-814.48908 -333.359238),"POLYGON((16.586471 33.73925,16.586471 33.73925,16.586471 33.73925,16.586471 33.73925,16.586471 33.73925))",POINT(0.930143559857746 112.258614084809),"POLYGON((0.039735 333.820918,0.039735 333.820918,0.039735 333.820918,0.039735 333.820918,0.039735 333.820918))",POINT(31.002785 -21),"POLYGON((99.002785 1,99.002785 1,99.002785 1,99.002785 1,99.002785 1))",UTC-HGS-TOPO,POINT(-67 -21),"POLYGON((1 1,1 1,1 1,1 1,1 1))",2011-05-29 09:47:00,True,,1226,-66.0,-20.0,-68.0,-22.0,-333.359238,-814.48908,-21.0,-67.0,880.0686581166193,0.0
502,2011-05-29 10:08:00,2011-05-29 11:08:00,M1.4,POINT(-800.65572 -317.142012),"POLYGON((16.586425 33.706031,16.586425 33.706031,16.586425 33.706031,16.586425 33.706031,16.586425 33.706031))",POINT(0.910181272602963 111.608659559527),"POLYGON((0.039704 333.79863,0.039704 333.79863,0.039704 333.79863,0.039704 333.79863,0.039704 333.79863))",POINT(33.782245 -20),"POLYGON((98.782245 1,98.782245 1,98.782245 1,98.782245 1,98.782245 1))",UTC-HGS-TOPO,POINT(-64 -20),"POLYGON((1 1,1 1,1 1,1 1,1 1))",2011-05-29 10:33:00,True,,1226,-63.0,-19.0,-65.0,-21.0,-317.142012,-800.65572,-20.0,-64.0,861.1786328887441,0.0
503,2011-05-29 11:36:00,2011-05-29 11:42:00,C7.7,POINT(-788.592 -332.5008),"POLYGON((16.58628 33.58416,16.58628 33.58416,16.58628 33.58416,16.58628 33.58416,16.58628 33.58416))",POINT(0.904530905213622 112.862164284646),"POLYGON((0.039588 333.716518,0.039588 333.716518,0.039588 333.716518,0.039588 333.716518,0.039588 333.716518))",POINT(33.973597 -21),"POLYGON((97.973597 1,97.973597 1,97.973597 1,97.973597 1,97.973597 1))",UTC-HGS-TOPO,POINT(-63 -21),"POLYGON((1 1,1 1,1 1,1 1,1 1))",2011-05-29 11:39:00,True,,1226,-62.0,-20.0,-64.0,-22.0,-332.5008,-788.592,-21.0,-63.0,855.8236526672068,0.0
504,2011-05-29 21:04:00,2011-05-29 21:22:00,C8.7,POINT(-851.928 -303.6714),"POLYGON((16.58514 32.79768,16.58514 32.79768,16.58514 32.79768,16.58514 32.79768,16.58514 32.79768))",POINT(0.955969094708243 109.618708563291),"POLYGON((0.038847 333.175176,0.038847 333.175176,0.038847 333.175176,0.038847 333.175176,0.038847 333.175176))",POINT(19.754112 -19),"POLYGON((92.754112 1,92.754112 1,92.754112 1,92.754112 1,92.754112 1))",UTC-HGS-TOPO,POINT(-72 -19),"POLYGON((1 1,1 1,1 1,1 1,1 1))",2011-05-29 21:15:00,True,,1227,-71.0,-18.0,-73.0,-20.0,-303.6714,-851.928,-19.0,-72.0,904.4322176713742,0.0
505,2011-05-29 21:04:00,2011-05-29 21:22:00,C8.7,POINT(-851.928 -303.6714),"POLYGON((16.58514 32.79768,16.58514 32.79768,16.58514 32.79768,16.58514 32.79768,16.58514 32.79768))",POINT(0.955969094708243 109.618708563291),"POLYGON((0.038847 333.175176,0.038847 333.175176,0.038847 333.175176,0.038847 333.175176,0.038847 333.175176))",POINT(19.754112 -19),"POLYGON((92.754112 1,92.754112 1,92.754112 1,92.754112 1,92.754112 1))",UTC-HGS-TOPO,POINT(-72 -19),"POLYGON((1 1,1 1,1 1,1 1,1 1))",2011-05-29 21:15:00,True,,1227,-71.0,-18.0,-73.0,-20.0,-303.6714,-851.928,-19.0,-72.0,904.4322176713742,0.0
506,2011-05-30 02:47:00,2011-05-30 02:55:00,C3.2,POINT(-738.816 -316.062),"POLYGON((16.58448 32.32242,16.58448 32.32242,16.58448 32.32242,16.58448 32.32242,16.58448 32.32242))",POINT(0.849405898084046 113.161010602025),"POLYGON((0.0384 332.837856,0.0384 332.837856,0.0384 332.837856,0.0384 332.837856,0.0384 332.837856))",POINT(32.602177 -20),"POLYGON((89.602177 1,89.602177 1,89.602177 1,89.602177 1,89.602177 1))",UTC-HGS-TOPO,POINT(-56 -20),"POLYGON((1 1,1 1,1 1,1 1,1 1))",2011-05-30 02:52:00,True,,1226,-55.0,-19.0,-57.0,-21.0,-316.062,-738.816,-20.0,-56.0,803.5821486942077,0.0
507,2011-05-30 05:46:00,2011-05-30 05:51:00,C3.5,POINT(-707.19618 -331.181352),"POLYGON((16.584156 32.074441,16.584156 32.074441,16.584156 32.074441,16.584156 32.074441,16.584156 32.074441))",POINT(0.825449087673698 115.093784559869),"POLYGON((0.038168 332.658682,0.038168 332.658682,0.038168 332.658682,0.038168 332.658682,0.038168 332.658682))",POINT(33.957281 -21),"POLYGON((87.957281 1,87.957281 1,87.957281 1,87.957281 1,87.957281 1))",UTC-HGS-TOPO,POINT(-53 -21),"POLYGON((1 1,1 1,1 1,1 1,1 1))",2011-05-30 05:49:00,True,,1226,-52.0,-20.0,-54.0,-22.0,-331.181352,-707.19618,-21.0,-53.0,780.9017383250853,0.0
508,2011-05-30 10:48:00,2011-05-30 11:22:00,C2.8,POINT(-777.22248 -269.774148),"POLYGON((16.583584 31.655818,16.583584 31.655818,16.583584 31.655818,16.583584 31.655818,16.583584 31.655818))",POINT(0.869673002974702 109.141902664452),"POLYGON((0.037777 332.351234,0.037777 332.351234,0.037777 332.351234,0.037777 332.351234,0.037777 332.351234))",POINT(25.18208 -17),"POLYGON((85.18208 1,85.18208 1,85.18208 1,85.18208 1,85.18208 1))",UTC-HGS-TOPO,POINT(-59 -17),"POLYGON((1 1,1 1,1 1,1 1,1 1))",2011-05-30 11:01:00,True,,1227,-58.0,-16.0,-60.0,-18.0,-269.774148,-777.22248,-17.0,-59.0,822.7106869042583,0.0
509,2011-05-30 20:03:00,2011-05-30 20:09:00,B6.7,POINT(-641.352 -315.1506),"POLYGON((16.58256 30.88608,16.58256 30.88608,16.58256 30.88608,16.58256 30.88608,16.58256 30.88608))",POINT(0.75543779066191 116.168798535884),"POLYGON((0.03706 331.768903,0.03706 331.768903,0.03706 331.768903,0.03706 331.768903,0.03706 331.768903))",POINT(33.081916 -20),"POLYGON((80.081916 1,80.081916 1,80.081916 1,80.081916 1,80.081916 1))",UTC-HGS-TOPO,POINT(-46 -20),"POLYGON((1 1,1 1,1 1,1 1,1 1))",2011-05-30 20:07:00,True,,1226,-45.0,-19.0,-47.0,-21.0,-315.1506,-641.352,-20.0,-46.0,714.5993902770698,0.0
510,2011-05-31 04:34:00,2011-05-31 04:49:00,C1.8,POINT(-702.3 -316.4964),"POLYGON((16.5816 30.17712,16.5816 30.17712,16.5816 30.17712,16.5816 30.17712,16.5816 30.17712))",POINT(0.81439080741068 114.25904108964),"POLYGON((0.036403 331.212266,0.036403 331.212266,0.036403 331.212266,0.036403 331.212266,0.036403 331.212266))",POINT(22.386043 -20),"POLYGON((75.386043 1,75.386043 1,75.386043 1,75.386043 1,75.386043 1))",UTC-HGS-TOPO,POINT(-52 -20),"POLYGON((1 1,1 1,1 1,1 1,1 1))",2011-05-31 04:43:00,True,,1227,-51.0,-19.0,-53.0,-21.0,-316.4964,-702.3,-20.0,-52.0,770.3215310589206,0.0
511,2011-05-31 05:30:00,2011-05-31 06:20:00,C1.7,POINT(-580.023 -376.7328),"POLYGON((16.58148 30.09942,16.58148 30.09942,16.58148 30.09942,16.58148 30.09942,16.58148 30.09942))",POINT(0.731203656657433 123.004270008354),"POLYGON((0.036331 331.150055,0.036331 331.150055,0.036331 331.150055,0.036331 331.150055,0.036331 331.150055))",POINT(31.871424 -24),"POLYGON((74.871424 1,74.871424 1,74.871424 1,74.871424 1,74.871424 1))",UTC-HGS-TOPO,POINT(-42 -24),"POLYGON((1 1,1 1,1 1,1 1,1 1))",2011-05-31 05:50:00,True,,1226,-41.0,-23.0,-43.0,-25.0,-376.7328,-580.023,-24.0,-42.0,691.6316094026067,0.0
