,event_starttime,event_endtime,fl_goescls,hpc_coord,hpc_bbox,hrc_coord,hrc_bbox,hgc_coord,hgc_bbox,event_coordsys,hgs_coord,hgs_bbox,event_peaktime,active,ar_noaaclass,ar_noaanum,boundbox_c1ur,boundbox_c2ur,boundbox_c1ll,boundbox_c2ll,hpc_y,hpc_x,hgs_y,hgs_x,hpc_radius,event_c2error
1,2010-01-02 14:08:00,2010-01-02 14:24:00,C2.6,POINT(555.7464 -422.1414),"POLYGON((17.11098 71.6382,17.11098 71.6382,17.11098 71.6382,17.11098 71.6382,17.11098 71.6382))",POINT(0.726973952125618 232.779929239403),"POLYGON((0.076722 346.566436,0.076722 346.566436,0.076722 346.566436,0.076722 346.566436,0.076722 346.566436))",POINT(51.960551 -28),,UTC-HGS-TOPO,POINT(40 -28),,2010-01-02 14:16:00,true,,1039,41.0,-27.0,39.0,-29.0,-422.1414,555.7464,-28.0,40.0,697.894994040593474,0.0
2,2010-01-02 22:57:00,2010-01-02 23:35:00,C3.1,POINT(616.8 -408.966),"POLYGON((17.11098 72.3618,17.11098 72.3618,17.11098 72.3618,17.11098 72.3618,17.11098 72.3618))",POINT(0.77090049619848 236.453840918252),"POLYGON((0.077456 346.695969,0.077456 346.695969,0.077456 346.695969,0.077456 346.695969,0.077456 346.695969))",POINT(52.1223585 -27),,UTC-HGS-TOPO,POINT(45 -27),,2010-01-02 23:19:00,true,,0,46.0,-26.0,44.0,-28.0,-408.966,616.8,-27.0,45.0,740.064476350540644,0.0
4,2010-01-03 01:17:00,2010-01-03 01:31:00,C2.0,POINT(652.212 -426.684),"POLYGON((17.11098 72.5526,17.11098 72.5526,17.11098 72.5526,17.11098 72.5526,17.11098 72.5526))",POINT(0.811858540056394 236.806863341136),"POLYGON((0.077649 346.729717,0.077649 346.729717,0.077649 346.729717,0.077649 346.729717,0.077649 346.729717))",POINT(54.8419349 -28),,UTC-HGS-TOPO,POINT(49 -28),,2010-01-03 01:22:00,true,,0,50.0,-27.0,48.0,-29.0,-426.684,652.212,-28.0,49.0,779.384198454138527,0.0
7,2010-01-04 03:36:00,2010-01-04 03:42:00,C1.3,POINT(769.35 -435.2802),"POLYGON((17.11092 74.6958,17.11092 74.6958,17.11092 74.6958,17.11092 74.6958,17.11092 74.6958))",POINT(0.920781646251612 240.499835658556),"POLYGON((0.079824 347.097596,0.079824 347.097596,0.079824 347.097596,0.079824 347.097596,0.079824 347.097596))",POINT(54.40074 -28),,UTC-HGS-TOPO,POINT(63.0000000000001 -28),,2010-01-04 03:40:00,true,,0,64.0,-27.0,62.0,-29.0,-435.2802,769.35,-28.0,63.0000000000001,883.950380401547136,0.0
9,2010-01-12 12:33:00,2010-01-12 13:34:00,C1.1,POINT(-14.00022 620.04),"POLYGON((17.10648 90.2598,17.10648 90.2598,17.10648 90.2598,17.10648 90.2598,17.10648 90.2598))",POINT(0.646039624110001 1.29349273878154),"POLYGON((0.095694 349.268308,0.095694 349.268308,0.095694 349.268308,0.095694 349.268308,0.095694 349.268308))",POINT(-119.8613 35),,UTC-HGS-TOPO,POINT(-1.00000000000017 35),,2010-01-12 13:20:00,true,,0,0.0,36.0,-2.0,34.0,620.04,-14.00022,35.0,-1.00000000000017,620.198039145600887,0.0
10,2010-01-12 12:40:00,2010-01-12 13:46:00,C1.1,POINT(-14.00022 620.046),"POLYGON((17.10648 90.2682,17.10648 90.2682,17.10648 90.2682,17.10648 90.2682,17.10648 90.2682))",POINT(0.646045872517389 1.29348022629092),"POLYGON((0.095703 349.269283,0.095703 349.269283,0.095703 349.269283,0.095703 349.269283,0.095703 349.269283))",POINT(-119.92532 35),,UTC-HGS-TOPO,POINT(-1.00000000000017 35),,2010-01-12 13:20:00,true,,0,0.0,36.0,-2.0,34.0,620.046,-14.00022,35.0,-1.00000000000017,620.204037616692972,0.0
11,2010-01-15 07:13:00,2010-01-15 09:45:00,C1.3,POINT(410.9874 546.9174),"POLYGON((17.10384 95.0724,17.10384 95.0724,17.10384 95.0724,17.10384 95.0724,17.10384 95.0724))",POINT(0.71263193632664 323.076545735738),"POLYGON((0.100624 349.801392,0.100624 349.801392,0.100624 349.801392,0.100624 349.801392,0.100624 349.801392))",POINT(-126.43855 30),,UTC-HGS-TOPO,POINT(29 30),,2010-01-15 08:41:00,true,,0,30.0,31.0,28.0,29.0,546.9174,410.9874,30.0,29.0,684.126658873574343,0.0
13,2010-01-17 22:12:00,2010-01-17 22:41:00,C2.1,POINT(828.42 488.9562),"POLYGON((17.1009 99.4386,17.1009 99.4386,17.1009 99.4386,17.1009 99.4386,17.1009 99.4386))",POINT(1.00203669650574 300.550269532797),"POLYGON((0.105102 350.24204,0.105102 350.24204,0.105102 350.24204,0.105102 350.24204,0.105102 350.24204))",POINT(-113.99376 29),,UTC-HGS-TOPO,POINT(76 29),,2010-01-17 22:33:00,true,,0,77.0,30.0,75.0,28.0,488.9562,828.42,29.0,76.0,961.95522864551242,0.0
16,2010-01-18 19:54:00,2010-01-18 21:21:00,C5.0,POINT(-852.222 -467.4858),"POLYGON((17.09976 100.9008,17.09976 100.9008,17.09976 100.9008,17.09976 100.9008,17.09976 100.9008))",POINT(1.01252213543493 118.74694064599),"POLYGON((0.106604 350.381415,0.106604 350.381415,0.106604 350.381415,0.106604 350.381415,0.106604 350.381415))",POINT(71.1009699999998 -29),,UTC-HGS-TOPO,POINT(-87 -29),,2010-01-18 20:39:00,true,,0,-86.0,-28.0,-88.0,-30.0,-467.4858,-852.222,-29.0,-87.0,972.021250017529155,0.0
18,2010-01-19 08:34:00,2010-01-19 09:14:00,C5.2,POINT(859.116 461.3976),"POLYGON((17.0991 101.7438,17.0991 101.7438,17.0991 101.7438,17.0991 101.7438,17.0991 101.7438))",POINT(1.01580823493536 298.238506088391),"POLYGON((0.107469 350.460001,0.107469 350.460001,0.107469 350.460001,0.107469 350.460001,0.107469 350.460001))",POINT(-122.8483 28),,UTC-HGS-TOPO,POINT(85.9999999999998 28),,2010-01-19 08:45:00,true,,1040,87.0,29.0,85.0,27.0,461.3976,859.116,28.0,85.9999999999998,975.175905537949575,0.0
19,2010-01-19 10:25:00,2010-01-19 10:29:00,C1.1,POINT(-883.044 -406.782),"POLYGON((17.09898 101.8662,17.09898 101.8662,17.09898 101.8662,17.09898 101.8662,17.09898 101.8662))",POINT(1.01274340216701 114.733577227789),"POLYGON((0.107595 350.471319,0.107595 350.471319,0.107595 350.471319,0.107595 350.471319,0.107595 350.471319))",POINT(63.13675 -25),,UTC-HGS-TOPO,POINT(-87 -25),,2010-01-19 10:29:00,true,,0,-86.0,-24.0,-88.0,-26.0,-406.782,-883.044,-25.0,-87.0,972.23366608033075,0.0
21,2010-01-19 13:03:00,2010-01-19 13:14:00,C6.6,POINT(-875.724 -422.1114),"POLYGON((17.09886 102.0402,17.09886 102.0402,17.09886 102.0402,17.09886 102.0402,17.09886 102.0402))",POINT(1.01265353676943 115.734726753101),"POLYGON((0.107774 350.487336,0.107774 350.487336,0.107774 350.487336,0.107774 350.487336,0.107774 350.487336))",POINT(61.6920399999998 -26),,UTC-HGS-TOPO,POINT(-87 -26),,2010-01-19 13:13:00,true,,0,-86.0,-25.0,-88.0,-27.0,-422.1114,-875.724,-26.0,-87.0,972.147395298655283,0.0
23,2010-01-19 15:32:00,2010-01-19 15:36:00,C2.3,POINT(-897.474 -377.0208),"POLYGON((17.09868 102.204,17.09868 102.204,17.09868 102.204,17.09868 102.204,17.09868 102.204))",POINT(1.01401007520959 112.786840386919),"POLYGON((0.107942 350.502402,0.107942 350.502402,0.107942 350.502402,0.107942 350.502402,0.107942 350.502402))",POINT(59.3296200000001 -23),,UTC-HGS-TOPO,POINT(-87.9999999999998 -23),,2010-01-19 15:36:00,true,,0,-87.0,-22.0,-89.0,-24.0,-377.0208,-897.474,-23.0,-87.9999999999998,973.449672201208386,0.0
25,2010-01-19 17:44:00,2010-01-19 17:51:00,C5.1,POINT(-860.28 -452.3814),"POLYGON((17.09856 102.3486,17.09856 102.3486,17.09856 102.3486,17.09856 102.3486,17.09856 102.3486))",POINT(1.0124713909849 117.737802897134),"POLYGON((0.108091 350.515641,0.108091 350.515641,0.108091 350.515641,0.108091 350.515641,0.108091 350.515641))",POINT(59.1226500000003 -28),,UTC-HGS-TOPO,POINT(-87 -28),,2010-01-19 17:51:00,true,,0,-86.0,-27.0,-88.0,-29.0,-452.3814,-860.28,-28.0,-87.0,971.972535345500319,0.0
29,2010-01-19 23:17:00,2010-01-19 23:26:00,C2.2,POINT(-890.67 -392.5548),"POLYGON((17.09826 102.7134,17.09826 102.7134,17.09826 102.7134,17.09826 102.7134,17.09826 102.7134))",POINT(1.0138966703901 113.785055353319),"POLYGON((0.108465 350.54888,0.108465 350.54888,0.108465 350.54888,0.108465 350.54888,0.108465 350.54888))",POINT(55.0778 -24),,UTC-HGS-TOPO,POINT(-87.9999999999998 -24),,2010-01-19 23:26:00,true,,0,-87.0,-23.0,-89.0,-25.0,-392.5548,-890.67,-24.0,-87.9999999999998,973.340803574493066,0.0
31,2010-01-20 00:10:00,2010-01-20 00:22:00,C4.0,POINT(-883.62 -408.0078),"POLYGON((17.0982 102.771,17.0982 102.771,17.0982 102.771,17.0982 102.771,17.0982 102.771))",POINT(1.01382301104397 114.784931966197),"POLYGON((0.108525 350.554115,0.108525 350.554115,0.108525 350.554115,0.108525 350.554115,0.108525 350.554115))",POINT(54.59318 -25),,UTC-HGS-TOPO,POINT(-87.9999999999998 -25),,2010-01-20 00:22:00,true,,0,-87.0,-24.0,-89.0,-26.0,-408.0078,-883.62,-25.0,-87.9999999999998,973.270090602213031,0.0
33,2010-01-20 02:47:00,2010-01-20 02:53:00,C1.7,POINT(-864.72 -433.3488),"POLYGON((17.09808 102.942,17.09808 102.942,17.09808 102.942,17.09808 102.942,17.09808 102.942))",POINT(1.0075301665583 116.617440990631),"POLYGON((0.1087 350.569588,0.1087 350.569588,0.1087 350.569588,0.1087 350.569588,0.1087 350.569588))",POINT(57.15763 -27),,UTC-HGS-TOPO,POINT(-83.9999999999999 -27),,2010-01-20 02:53:00,true,,0,-83.0,-26.0,-85.0,-28.0,-433.3488,-864.72,-27.0,-83.9999999999999,967.228959895970092,0.0
35,2010-01-20 04:48:00,2010-01-20 05:03:00,C5.0,POINT(-867.234 -435.9204),"POLYGON((17.09796 103.074,17.09796 103.074,17.09796 103.074,17.09796 103.074,17.09796 103.074))",POINT(1.01107227757991 116.686665262681),"POLYGON((0.108836 350.581514,0.108836 350.581514,0.108836 350.581514,0.108836 350.581514,0.108836 350.581514))",POINT(54.05124 -27),,UTC-HGS-TOPO,POINT(-86.0000000000001 -27),,2010-01-20 04:57:00,true,,0,-85.0,-26.0,-87.0,-28.0,-435.9204,-867.234,-27.0,-86.0000000000001,970.629386476712966,0.0
37,2010-01-20 06:10:00,2010-01-20 06:18:00,C3.9,POINT(-897.432 -376.9398),"POLYGON((17.0979 103.1634,17.0979 103.1634,17.0979 103.1634,17.0979 103.1634,17.0979 103.1634))",POINT(1.01393706286763 112.783402134729),"POLYGON((0.108928 350.589562,0.108928 350.589562,0.108928 350.589562,0.108928 350.589562,0.108928 350.589562))",POINT(51.30146 -23),,UTC-HGS-TOPO,POINT(-87.9999999999998 -23),,2010-01-20 06:18:00,true,,0,-87.0,-22.0,-89.0,-24.0,-376.9398,-897.432,-23.0,-87.9999999999998,973.379580352926837,0.0
39,2010-01-20 06:45:00,2010-01-20 06:51:00,C3.1,POINT(-897.432 -376.9362),"POLYGON((17.09784 103.2012,17.09784 103.2012,17.09784 103.2012,17.09784 103.2012,17.09784 103.2012))",POINT(1.01393561069158 112.783206762494),"POLYGON((0.108967 350.59298,0.108967 350.59298,0.108967 350.59298,0.108967 350.59298,0.108967 350.59298))",POINT(50.98143 -23),,UTC-HGS-TOPO,POINT(-87.9999999999998 -23),,2010-01-20 06:51:00,true,,0,-87.0,-22.0,-89.0,-24.0,-376.9362,-897.432,-23.0,-87.9999999999998,973.378186263920725,0.0
41,2010-01-20 06:59:00,2010-01-20 07:22:00,C9.7,POINT(-890.652 -392.5116),"POLYGON((17.09784 103.2162,17.09784 103.2162,17.09784 103.2162,17.09784 103.2162,17.09784 103.2162))",POINT(1.01386136468223 113.783155635605),"POLYGON((0.108982 350.594322,0.108982 350.594322,0.108982 350.594322,0.108982 350.594322,0.108982 350.594322))",POINT(50.85342 -24),,UTC-HGS-TOPO,POINT(-87.9999999999998 -24),,2010-01-20 07:14:00,true,,0,-87.0,-23.0,-89.0,-25.0,-392.5116,-890.652,-24.0,-87.9999999999998,973.306910094940235,0.0
42,2010-01-20 07:22:00,2010-01-20 07:32:00,M1.0,POINT(-890.646 -392.5092),"POLYGON((17.09778 103.2414,17.09778 103.2414,17.09778 103.2414,17.09778 103.2414,17.09778 103.2414))",POINT(1.01385463725237 113.783168790723),"POLYGON((0.109008 350.596609,0.109008 350.596609,0.109008 350.596609,0.109008 350.596609,0.109008 350.596609))",POINT(50.64312 -24),,UTC-HGS-TOPO,POINT(-87.9999999999998 -24),,2010-01-20 07:27:00,true,,0,-87.0,-23.0,-89.0,-25.0,-392.5092,-890.646,-24.0,-87.9999999999998,973.300451762270654,0.0
44,2010-01-20 07:42:00,2010-01-20 07:53:00,M1.6,POINT(-897.426 -376.9314),"POLYGON((17.09778 103.263,17.09778 103.263,17.09778 103.263,17.09778 103.263,17.09778 103.263))",POINT(1.01392791211275 112.783083030985),"POLYGON((0.10903 350.598541,0.10903 350.598541,0.10903 350.598541,0.10903 350.598541,0.10903 350.598541))",POINT(50.46024 -23),,UTC-HGS-TOPO,POINT(-87.9999999999998 -23),,2010-01-20 07:49:00,true,,0,-87.0,-22.0,-89.0,-24.0,-376.9314,-897.426,-23.0,-87.9999999999998,973.370795628243627,0.0
47,2010-01-20 10:46:00,2010-01-20 11:10:00,M1.8,POINT(-882.978 -406.6164),"POLYGON((17.0976 103.4628,17.0976 103.4628,17.0976 103.4628,17.0976 103.4628,17.0976 103.4628))",POINT(1.01260879325538 114.726339755693),"POLYGON((0.109235 350.61647,0.109235 350.61647,0.109235 350.61647,0.109235 350.61647,0.109235 350.61647))",POINT(49.77781 -25),,UTC-HGS-TOPO,POINT(-87 -25),,2010-01-20 10:59:00,true,,1041,-86.0,-24.0,-88.0,-26.0,-406.6164,-882.978,-25.0,-87.0,972.104441525168681,0.0
49,2010-01-20 12:28:00,2010-01-20 12:36:00,C3.9,POINT(-897.414 -376.9044),"POLYGON((17.09754 103.5732,17.09754 103.5732,17.09754 103.5732,17.09754 103.5732,17.09754 103.5732))",POINT(1.01390549639285 112.781891231225),"POLYGON((0.109349 350.626327,0.109349 350.626327,0.109349 350.626327,0.109349 350.626327,0.109349 350.626327))",POINT(47.84516 -23),,UTC-HGS-TOPO,POINT(-87.9999999999998 -23),,2010-01-20 12:32:00,true,,0,-87.0,-22.0,-89.0,-24.0,-376.9044,-897.414,-23.0,-87.9999999999998,973.349276537132823,0.0
51,2010-01-20 13:19:00,2010-01-20 13:44:00,C1.3,POINT(-890.634 -392.4756),"POLYGON((17.09748 103.6278,17.09748 103.6278,17.09748 103.6278,17.09748 103.6278,17.09748 103.6278))",POINT(1.01382908445686 113.781643653389),"POLYGON((0.109405 350.631211,0.109405 350.631211,0.109405 350.631211,0.109405 350.631211,0.109405 350.631211))",POINT(47.37883 -24),,UTC-HGS-TOPO,POINT(-87.9999999999998 -24),,2010-01-20 13:25:00,true,,1041,-87.0,-23.0,-89.0,-25.0,-392.4756,-890.634,-24.0,-87.9999999999998,973.27592107858095,0.0
52,2010-01-20 15:10:00,2010-01-20 15:28:00,C2.2,POINT(-879.534 -402.5904),"POLYGON((17.09736 103.7478,17.09736 103.7478,17.09736 103.7478,17.09736 103.7478,17.09736 103.7478))",POINT(1.00759867312168 114.595061062404),"POLYGON((0.109528 350.64192,0.109528 350.64192,0.109528 350.64192,0.109528 350.64192,0.109528 350.64192))",POINT(50.36389 -25),,UTC-HGS-TOPO,POINT(-83.9999999999999 -25),,2010-01-20 15:20:00,true,,0,-83.0,-24.0,-85.0,-26.0,-402.5904,-879.534,-25.0,-83.9999999999999,967.294726196809165,0.0
54,2010-01-20 17:50:00,2010-01-20 17:55:00,M3.4,POINT(-863.97 -412.6878),"POLYGON((17.09718 103.9206,17.09718 103.9206,17.09718 103.9206,17.09718 103.9206,17.09718 103.9206))",POINT(0.9973681627846 115.532150139011),"POLYGON((0.109706 350.657303,0.109706 350.657303,0.109706 350.657303,0.109706 350.657303,0.109706 350.657303))",POINT(52.9009 -26),,UTC-HGS-TOPO,POINT(-80.0000000000002 -26),,2010-01-20 17:55:00,true,,0,-79.0,-25.0,-81.0,-27.0,-412.6878,-863.97,-26.0,-80.0000000000002,957.473436273215839,0.0
57,2010-01-21 03:49:00,2010-01-21 03:58:00,C2.3,POINT(-850.704 -389.2266),"POLYGON((17.09664 104.5632,17.09664 104.5632,17.09664 104.5632,17.09664 104.5632,17.09664 104.5632))",POINT(0.97449831386162 114.585738758651),"POLYGON((0.110366 350.714004,0.110366 350.714004,0.110366 350.714004,0.110366 350.714004,0.110366 350.714004))",POINT(53.42388 -25),,UTC-HGS-TOPO,POINT(-74.0000000000001 -25),,2010-01-21 03:54:00,true,,1041,-73.0,-24.0,-75.0,-26.0,-389.2266,-850.704,-25.0,-74.0000000000001,935.518381307155323,0.0
60,2010-01-21 10:42:00,2010-01-21 10:53:00,C1.2,POINT(-841.776 -386.4924),"POLYGON((17.09622 105.0036,17.09622 105.0036,17.09622 105.0036,17.09622 105.0036,17.09622 105.0036))",POINT(0.964857327802439 114.661712544596),"POLYGON((0.110819 350.752499,0.110819 350.752499,0.110819 350.752499,0.110819 350.752499,0.110819 350.752499))",POINT(51.64758 -25),,UTC-HGS-TOPO,POINT(-71.9999999999999 -25),,2010-01-21 10:49:00,true,,1041,-71.0,-24.0,-73.0,-26.0,-386.4924,-841.776,-25.0,-71.9999999999999,926.263034690341101,0.0
61,2010-02-06 06:59:00,2010-02-06 07:04:00,C4.0,POINT(-341.6652 441.7074),"POLYGON((17.06142 125.3292,17.06142 125.3292,17.06142 125.3292,17.06142 125.3292,17.06142 125.3292))",POINT(0.581694625441544 37.7223188030021),"POLYGON((0.131755 352.247817,0.131755 352.247817,0.131755 352.247817,0.131755 352.247817,0.131755 352.247817))",POINT(-106.97576 21),,UTC-HGS-TOPO,POINT(-22.0000000000002 21),,2010-02-06 07:04:00,true,,0,-21.0,22.0,-23.0,20.0,441.7074,-341.6652,21.0,-22.0000000000002,558.426840423882254,0.0
63,2010-02-06 15:25:00,2010-02-06 15:49:00,C3.4,POINT(-305.2128 488.133),"POLYGON((17.0604 125.685,17.0604 125.685,17.0604 125.685,17.0604 125.685,17.0604 125.685))",POINT(0.599685861569218 32.0163272773347),"POLYGON((0.132122 352.269953,0.132122 352.269953,0.132122 352.269953,0.132122 352.269953,0.132122 352.269953))",POINT(-109.60234 24),,UTC-HGS-TOPO,POINT(-20 24),,2010-02-06 15:39:00,true,,1045,-19.0,25.0,-21.0,23.0,488.133,-305.2128,24.0,-20.0,575.698427106449572,0.0
65,2010-02-06 18:47:00,2010-02-06 18:59:00,M2.9,POINT(-236.0796 446.1006),"POLYGON((17.05998 125.826,17.05998 125.826,17.05998 125.826,17.05998 125.826,17.05998 125.826))",POINT(0.525746950091085 27.8881104829138),"POLYGON((0.132268 352.278698,0.132268 352.278698,0.132268 352.278698,0.132268 352.278698,0.132268 352.278698))",POINT(-106.44932 21),,UTC-HGS-TOPO,POINT(-14.9999999999998 21),,2010-02-06 18:59:00,true,,0,-14.0,22.0,-16.0,20.0,446.1006,-236.0796,21.0,-14.9999999999998,504.717072087441863,0.0
67,2010-02-06 21:31:00,2010-02-06 21:37:00,M1.3,POINT(-188.3448 462.5274),"POLYGON((17.05962 125.9394,17.05962 125.9394,17.05962 125.9394,17.05962 125.9394,17.05962 125.9394))",POINT(0.520213547311718 22.1565402381309),"POLYGON((0.132385 352.285728,0.132385 352.285728,0.132385 352.285728,0.132385 352.285728,0.132385 352.285728))",POINT(-104.94885 22),,UTC-HGS-TOPO,POINT(-11.9999999999998 22),,2010-02-06 21:37:00,true,,0,-11.0,23.0,-13.0,21.0,462.5274,-188.3448,22.0,-11.9999999999998,499.40500541924888,0.0
70,2010-02-06 22:27:00,2010-02-06 22:33:00,C2.2,POINT(-244.0254 505.1826),"POLYGON((17.0595 125.9784,17.0595 125.9784,17.0595 125.9784,17.0595 125.9784,17.0595 125.9784))",POINT(0.584409215416117 25.7825845258666),"POLYGON((0.132425 352.288141,0.132425 352.288141,0.132425 352.288141,0.132425 352.288141,0.132425 352.288141))",POINT(-109.46089 25),,UTC-HGS-TOPO,POINT(-16.0000000000002 25),,2010-02-06 22:31:00,true,,1045,-15.0,26.0,-17.0,24.0,505.1826,-244.0254,25.0,-16.0000000000002,561.032846799472168,0.0
72,2010-02-06 22:45:00,2010-02-06 23:19:00,C2.7,POINT(-411.1038 453.5892),"POLYGON((17.05944 125.991,17.05944 125.991,17.05944 125.991,17.05944 125.991,17.05944 125.991))",POINT(0.637674860899995 42.1871194587264),"POLYGON((0.132438 352.28893,0.132438 352.28893,0.132438 352.28893,0.132438 352.28893,0.132438 352.28893))",POINT(-120.62547 22),,UTC-HGS-TOPO,POINT(-26.9999999999999 22),,2010-02-06 22:59:00,true,,0,-26.0,23.0,-28.0,21.0,453.5892,-411.1038,22.0,-26.9999999999999,612.167866463995324,0.0
73,2010-02-07 02:20:00,2010-02-07 02:39:00,M6.4,POINT(-174.0474 447.9834),"POLYGON((17.05902 126.1392,17.05902 126.1392,17.05902 126.1392,17.05902 126.1392,17.05902 126.1392))",POINT(0.500630704774768 21.2317983356308),"POLYGON((0.132591 352.298068,0.132591 352.298068,0.132591 352.298068,0.132591 352.298068,0.132591 352.298068))",POINT(-106.59132 21),,UTC-HGS-TOPO,POINT(-11 21),,2010-02-07 02:34:00,true,,1045,-10.0,22.0,-12.0,20.0,447.9834,-174.0474,21.0,-11.0,480.605476583777602,0.0
75,2010-02-07 03:25:00,2010-02-07 03:29:00,C1.1,POINT(-188.3364 462.7236),"POLYGON((17.0589 126.1836,17.0589 126.1836,17.0589 126.1836,17.0589 126.1836,17.0589 126.1836))",POINT(0.520399537642113 22.1471617857652),"POLYGON((0.132637 352.300799,0.132637 352.300799,0.132637 352.300799,0.132637 352.300799,0.132637 352.300799))",POINT(-108.18565 22),,UTC-HGS-TOPO,POINT(-11.9999999999998 22),,2010-02-07 03:29:00,true,,1045,-11.0,23.0,-13.0,21.0,462.7236,-188.3364,22.0,-11.9999999999998,499.583556136428513,0.0
77,2010-02-07 04:42:00,2010-02-07 04:54:00,C9.9,POINT(-167.5248 521.901),"POLYGON((17.05872 126.2364,17.05872 126.2364,17.05872 126.2364,17.05872 126.2364,17.05872 126.2364))",POINT(0.570967529481551 17.7960906637677),"POLYGON((0.132691 352.304061,0.132691 352.304061,0.132691 352.304061,0.132691 352.304061,0.132691 352.304061))",POINT(-107.8897 26),,UTC-HGS-TOPO,POINT(-11 26),,2010-02-07 04:52:00,true,,1045,-10.0,27.0,-12.0,25.0,521.901,-167.5248,26.0,-11.0,548.128828302288753,0.0
79,2010-02-07 21:09:00,2010-02-07 21:15:00,C4.2,POINT(-848.748 397.368),"POLYGON((17.05668 126.9048,17.05668 126.9048,17.05668 126.9048,17.05668 126.9048,17.05668 126.9048))",POINT(0.976211461867381 64.9118820151767),"POLYGON((0.133381 352.345018,0.133381 352.345018,0.133381 352.345018,0.133381 352.345018,0.133381 352.345018))",POINT(-175.91436 22),,UTC-HGS-TOPO,POINT(-69.9999999999998 22),,2010-02-07 21:15:00,true,,0,-69.0,23.0,-71.0,21.0,397.368,-848.748,22.0,-69.9999999999998,937.163003392686164,0.0
81,2010-02-07 21:31:00,2010-02-07 21:39:00,C4.2,POINT(-31.38336 480.4212),"POLYGON((17.05662 126.9192,17.05662 126.9192,17.05662 126.9192,17.05662 126.9192,17.05662 126.9192))",POINT(0.501505377820181 3.73751797359617),"POLYGON((0.133396 352.345903,0.133396 352.345903,0.133396 352.345903,0.133396 352.345903,0.133396 352.345903))",POINT(-108.11551 23),,UTC-HGS-TOPO,POINT(-2 23),,2010-02-07 21:39:00,true,,1045,-1.0,24.0,-3.0,22.0,480.4212,-31.38336,23.0,-2.0,481.445162707373811,0.0
83,2010-02-08 00:10:00,2010-02-08 00:16:00,C1.4,POINT(0 450.63),"POLYGON((17.05626 127.0254,17.05626 127.0254,17.05626 127.0254,17.05626 127.0254,17.05626 127.0254))",POINT(0.46940625 0),"POLYGON((0.133506 352.352386,0.133506 352.352386,0.133506 352.352386,0.133506 352.352386,0.133506 352.352386))",POINT(-107.56934 21),,UTC-HGS-TOPO,POINT(0 21),,2010-02-08 00:16:00,true,,1045,1.0,22.0,-1.0,20.0,450.63,0.0,21.0,0.0,450.629999999999995,0.0
86,2010-02-08 03:08:00,2010-02-08 03:23:00,C6.2,POINT(-93.2766 494.8506),"POLYGON((17.0559 127.1436,17.0559 127.1436,17.0559 127.1436,17.0559 127.1436,17.0559 127.1436))",POINT(0.524546803843714 10.6746889699683),"POLYGON((0.133628 352.359571,0.133628 352.359571,0.133628 352.359571,0.133628 352.359571,0.133628 352.359571))",POINT(-115.19689 24),,UTC-HGS-TOPO,POINT(-5.99999999999977 24),,2010-02-08 03:17:00,true,,0,-5.0,25.0,-7.0,23.0,494.8506,-93.2766,24.0,-5.99999999999977,503.564931689965874,0.0
87,2010-02-08 03:52:00,2010-02-08 04:02:00,C2.4,POINT(-30.6378 524.4084),"POLYGON((17.05584 127.173,17.05584 127.173,17.05584 127.173,17.05584 127.173,17.05584 127.173))",POINT(0.54719023134848 3.34362198040826),"POLYGON((0.133658 352.361343,0.133658 352.361343,0.133658 352.361343,0.133658 352.361343,0.133658 352.361343))",POINT(-111.59921 26),,UTC-HGS-TOPO,POINT(-2 26),,2010-02-08 03:58:00,true,,1045,-1.0,27.0,-3.0,25.0,524.4084,-30.6378,26.0,-2.0,525.30262209454088,0.0
89,2010-02-08 04:04:00,2010-02-08 04:20:00,C7.7,POINT(-106.9842 523.7214),"POLYGON((17.05578 127.1808,17.05578 127.1808,17.05578 127.1808,17.05578 127.1808,17.05578 127.1808))",POINT(0.55680929656237 11.5453625710841),"POLYGON((0.133666 352.361832,0.133666 352.361832,0.133666 352.361832,0.133666 352.361832,0.133666 352.361832))",POINT(-116.70894 26),,UTC-HGS-TOPO,POINT(-7.00000000000017 26),,2010-02-08 04:15:00,true,,0,-6.0,27.0,-8.0,25.0,523.7214,-106.9842,26.0,-7.00000000000017,534.536924699875158,0.0
91,2010-02-08 05:12:00,2010-02-08 05:30:00,C8.6,POINT(-159.6996 592.4058),"POLYGON((17.05566 127.2258,17.05566 127.2258,17.05566 127.2258,17.05566 127.2258,17.05566 127.2258))",POINT(0.639118820624892 15.0870394187502),"POLYGON((0.133712 352.364555,0.133712 352.364555,0.133712 352.364555,0.133712 352.364555,0.133712 352.364555))",POINT(-121.3307 31),,UTC-HGS-TOPO,POINT(-11 31),,2010-02-08 05:23:00,true,,0,-10.0,32.0,-12.0,30.0,592.4058,-159.6996,31.0,-11.0,613.554067799896529,0.0
93,2010-02-08 05:59:00,2010-02-08 06:13:00,C6.8,POINT(-30.89478 510.0354),"POLYGON((17.05554 127.2564,17.05554 127.2564,17.05554 127.2564,17.05554 127.2564,17.05554 127.2564))",POINT(0.532260677388458 3.46638736441568),"POLYGON((0.133744 352.366422,0.133744 352.366422,0.133744 352.366422,0.133744 352.366422,0.133744 352.366422))",POINT(-112.76045 25),,UTC-HGS-TOPO,POINT(-2 25),,2010-02-08 06:06:00,true,,1045,-1.0,26.0,-3.0,24.0,510.0354,-30.89478,25.0,-2.0,510.970250292919161,0.0
96,2010-02-08 06:59:00,2010-02-08 07:08:00,C1.9,POINT(-30.37026 538.7784),"POLYGON((17.05542 127.296,17.05542 127.296,17.05542 127.296,17.05542 127.296,17.05542 127.296))",POINT(0.562118424782401 3.22627674235111),"POLYGON((0.133785 352.368822,0.133785 352.368822,0.133785 352.368822,0.133785 352.368822,0.133785 352.368822))",POINT(-113.30906 27),,UTC-HGS-TOPO,POINT(-2 27),,2010-02-08 07:03:00,true,,1045,-1.0,28.0,-3.0,26.0,538.7784,-30.37026,27.0,-2.0,539.633687791104876,0.0
98,2010-02-08 07:36:00,2010-02-08 07:46:00,M4.0,POINT(-76.5096 524.1978),"POLYGON((17.05536 127.3206,17.05536 127.3206,17.05536 127.3206,17.05536 127.3206,17.05536 127.3206))",POINT(0.551824873086236 8.3040038581736),"POLYGON((0.13381 352.370306,0.13381 352.370306,0.13381 352.370306,0.13381 352.370306,0.13381 352.370306))",POINT(-116.64737 26),,UTC-HGS-TOPO,POINT(-5 26),,2010-02-08 07:43:00,true,,0,-4.0,27.0,-6.0,25.0,524.1978,-76.5096,26.0,-5.0,529.751878162786738,0.0
100,2010-02-08 08:03:00,2010-02-08 08:10:00,C1.9,POINT(-62.2464 495.3174),"POLYGON((17.0553 127.338,17.0553 127.338,17.0553 127.338,17.0553 127.338,17.0553 127.338))",POINT(0.520013877285155 7.16279513583555),"POLYGON((0.133828 352.371363,0.133828 352.371363,0.133828 352.371363,0.133828 352.371363,0.133828 352.371363))",POINT(-115.89425 24),,UTC-HGS-TOPO,POINT(-4.00000000000017 24),,2010-02-08 08:07:00,true,,0,-3.0,25.0,-5.0,23.0,495.3174,-62.2464,24.0,-4.00000000000017,499.213322193749207,0.0
103,2010-02-08 11:57:00,2010-02-08 12:06:00,M1.1,POINT(111.141 450.2334),"POLYGON((17.05476 127.4916,17.05476 127.4916,17.05476 127.4916,17.05476 127.4916,17.05476 127.4916))",POINT(0.483071090356566 346.133640981378),"POLYGON((0.133987 352.380684,0.133987 352.380684,0.133987 352.380684,0.133987 352.380684,0.133987 352.380684))",POINT(-107.03385 21),,UTC-HGS-TOPO,POINT(7 21),,2010-02-08 12:03:00,true,,1045,8.0,22.0,6.0,20.0,450.2334,111.141,21.0,7.0,463.748246742303081,0.0
106,2010-02-08 14:56:00,2010-02-08 15:15:00,C1.2,POINT(0 510.3726),"POLYGON((17.0544 127.608,17.0544 127.608,17.0544 127.608,17.0544 127.608,17.0544 127.608))",POINT(0.531638125 0),"POLYGON((0.134107 352.387711,0.134107 352.387711,0.134107 352.387711,0.134107 352.387711,0.134107 352.387711))",POINT(-115.67056 25),,UTC-HGS-TOPO,POINT(0 25),,2010-02-08 15:03:00,true,,0,1.0,26.0,-1.0,24.0,510.3726,0.0,25.0,0.0,510.372599999999977,0.0
108,2010-02-08 15:28:00,2010-02-08 15:39:00,C1.3,POINT(107.874 509.625),"POLYGON((17.05434 127.629,17.05434 127.629,17.05434 127.629,17.05434 127.629,17.05434 127.629))",POINT(0.542621794624906 348.048428836903),"POLYGON((0.134129 352.388975,0.134129 352.388975,0.134129 352.388975,0.134129 352.388975,0.134129 352.388975))",POINT(-108.96315 25),,UTC-HGS-TOPO,POINT(7 25),,2010-02-08 15:36:00,true,,1045,8.0,26.0,6.0,24.0,509.625,107.874,25.0,7.0,520.916922839909262,0.0
111,2010-02-08 15:46:00,2010-02-08 15:56:00,C3.8,POINT(95.9526 435.3864),"POLYGON((17.05428 127.641,17.05428 127.641,17.05428 127.641,17.05428 127.641,17.05428 127.641))",POINT(0.464410724137741 347.571546645486),"POLYGON((0.134141 352.389709,0.134141 352.389709,0.134141 352.389709,0.134141 352.389709,0.134141 352.389709))",POINT(-110.12774 20),,UTC-HGS-TOPO,POINT(6.00000000000001 20),,2010-02-08 15:52:00,true,,1045,7.0,21.0,5.0,19.0,435.3864,95.9526,20.0,6.00000000000001,445.834295172230952,0.0
112,2010-02-08 16:33:00,2010-02-08 17:12:00,C1.3,POINT(195.2454 371.6388),"POLYGON((17.05422 127.671,17.05422 127.671,17.05422 127.671,17.05422 127.671,17.05422 127.671))",POINT(0.437296783019785 332.28421005797),"POLYGON((0.134172 352.391503,0.134172 352.391503,0.134172 352.391503,0.134172 352.391503,0.134172 352.391503))",POINT(-104.55749 16),,UTC-HGS-TOPO,POINT(12 16),,2010-02-08 17:07:00,true,,1045,13.0,17.0,11.0,15.0,371.6388,195.2454,16.0,12.0,419.804911698993806,0.0
115,2010-02-08 18:03:00,2010-02-08 18:11:00,C1.3,POINT(126.9144 450.1884),"POLYGON((17.05398 127.7298,17.05398 127.7298,17.05398 127.7298,17.05398 127.7298,17.05398 127.7298))",POINT(0.487224882775205 344.256114138249),"POLYGON((0.134233 352.39507,0.134233 352.39507,0.134233 352.39507,0.134233 352.39507,0.134233 352.39507))",POINT(-109.38041 21),,UTC-HGS-TOPO,POINT(7.99999999999998 21),,2010-02-08 18:08:00,true,,1045,9.0,22.0,7.0,20.0,450.1884,126.9144,21.0,7.99999999999998,467.735887464197049,0.0
116,2010-02-08 19:02:00,2010-02-08 19:10:00,C2.4,POINT(173.994 449.3088),"POLYGON((17.05386 127.7676,17.05386 127.7676,17.05386 127.7676,17.05386 127.7676,17.05386 127.7676))",POINT(0.501897776259332 338.831197810319),"POLYGON((0.134272 352.397347,0.134272 352.397347,0.134272 352.397347,0.134272 352.397347,0.134272 352.397347))",POINT(-106.91989 21),,UTC-HGS-TOPO,POINT(11 21),,2010-02-08 19:10:00,true,,1045,12.0,22.0,10.0,20.0,449.3088,173.994,21.0,11.0,481.821865208958741,0.0
118,2010-02-08 19:34:00,2010-02-08 19:40:00,C1.7,POINT(127.7484 435.0588),"POLYGON((17.0538 127.7886,17.0538 127.7886,17.0538 127.7886,17.0538 127.7886,17.0538 127.7886))",POINT(0.472319526132072 343.635925908006),"POLYGON((0.134293 352.398608,0.134293 352.398608,0.134293 352.398608,0.134293 352.398608,0.134293 352.398608))",POINT(-110.21248 20),,UTC-HGS-TOPO,POINT(7.99999999999998 20),,2010-02-08 19:38:00,true,,1045,9.0,21.0,7.0,19.0,435.0588,127.7484,20.0,7.99999999999998,453.426745086789083,0.0
122,2010-02-08 21:53:00,2010-02-08 22:01:00,C2.2,POINT(172.7916 464.4426),"POLYGON((17.0535 127.878,17.0535 127.878,17.0535 127.878,17.0535 127.878,17.0535 127.878))",POINT(0.51619167695557 339.592745105765),"POLYGON((0.134386 352.403992,0.134386 352.403992,0.134386 352.403992,0.134386 352.403992,0.134386 352.403992))",POINT(-108.48345 22),,UTC-HGS-TOPO,POINT(11 22),,2010-02-08 21:58:00,true,,1045,12.0,23.0,10.0,21.0,464.4426,172.7916,22.0,11.0,495.544009877346753,0.0
123,2010-02-09 01:13:00,2010-02-09 01:25:00,C2.7,POINT(172.7874 464.5446),"POLYGON((17.05308 128.0064,17.05308 128.0064,17.05308 128.0064,17.05308 128.0064,17.05308 128.0064))",POINT(0.516289734594497 339.597311636355),"POLYGON((0.134518 352.411707,0.134518 352.411707,0.134518 352.411707,0.134518 352.411707,0.134518 352.411707))",POINT(-110.31218 22),,UTC-HGS-TOPO,POINT(11 22),,2010-02-09 01:25:00,true,,1045,12.0,23.0,10.0,21.0,464.5446,172.7874,22.0,11.0,495.638145210717141,0.0
126,2010-02-09 04:04:00,2010-02-09 04:22:00,C2.4,POINT(125.1174 480.432),"POLYGON((17.05272 128.1156,17.05272 128.1156,17.05272 128.1156,17.05272 128.1156,17.05272 128.1156))",POINT(0.517142412022927 345.402877220512),"POLYGON((0.134631 352.418258,0.134631 352.418258,0.134631 352.418258,0.134631 352.418258,0.134631 352.418258))",POINT(-114.87574 23),,UTC-HGS-TOPO,POINT(7.99999999999998 23),,2010-02-09 04:17:00,true,,0,9.0,24.0,7.0,22.0,480.432,125.1174,23.0,7.99999999999998,496.456715542009704,0.0
127,2010-02-09 11:24:00,2010-02-09 11:31:00,C1.8,POINT(311.7834 445.3716),"POLYGON((17.05176 128.394,17.05176 128.394,17.05176 128.394,17.05176 128.394,17.05176 128.394))",POINT(0.566311115671592 325.005969847271),"POLYGON((0.134918 352.434928,0.134918 352.434928,0.134918 352.434928,0.134918 352.434928,0.134918 352.434928))",POINT(-106.89896 21),,UTC-HGS-TOPO,POINT(20 21),,2010-02-09 11:31:00,true,,1045,21.0,22.0,19.0,20.0,445.3716,311.7834,21.0,20.0,543.65867104472818,0.0
129,2010-02-10 00:23:00,2010-02-10 00:28:00,C1.5,POINT(315.7608 415.215),"POLYGON((17.05002 128.8788,17.05002 128.8788,17.05002 128.8788,17.05002 128.8788,17.05002 128.8788))",POINT(0.54337508930332 322.747903650019),"POLYGON((0.135418 352.463818,0.135418 352.463818,0.135418 352.463818,0.135418 352.463818,0.135418 352.463818))",POINT(-114.02191 19),,UTC-HGS-TOPO,POINT(20 19),,2010-02-10 00:26:00,true,,0,21.0,20.0,19.0,18.0,415.215,315.7608,19.0,20.0,521.6400857311869,0.0
132,2010-02-10 15:10:00,2010-02-10 15:14:00,C3.7,POINT(-899.496 369.1296),"POLYGON((17.0481 129.4182,17.0481 129.4182,17.0481 129.4182,17.0481 129.4182,17.0481 129.4182))",POINT(1.01280308585875 67.6880377466991),"POLYGON((0.135975 352.495705,0.135975 352.495705,0.135975 352.495705,0.135975 352.495705,0.135975 352.495705))",POINT(131.86756 22),,UTC-HGS-TOPO,POINT(-86.0000000000001 22),,2010-02-10 15:14:00,true,,0,-85.0,23.0,-87.0,21.0,369.1296,-899.496,22.0,-86.0000000000001,972.29096242439698,0.0
134,2010-02-11 19:20:00,2010-02-11 19:41:00,C1.1,POINT(-292.4856 477.4722),"POLYGON((17.04432 130.4076,17.04432 130.4076,17.04432 130.4076,17.04432 130.4076,17.04432 130.4076))",POINT(0.583265926146484 31.4904254710376),"POLYGON((0.136997 352.553631,0.136997 352.553631,0.136997 352.553631,0.136997 352.553631,0.136997 352.553631))",POINT(-176.58558 23),,UTC-HGS-TOPO,POINT(-19.0000000000002 23),,2010-02-11 19:40:00,true,,1046,-18.0,24.0,-20.0,22.0,477.4722,-292.4856,23.0,-19.0000000000002,559.935289100624573,0.0
137,2010-02-12 07:18:00,2010-02-12 07:28:00,C7.9,POINT(0 113.9202),"POLYGON((17.0427 130.8132,17.0427 130.8132,17.0427 130.8132,17.0427 130.8132,17.0427 130.8132))",POINT(0.118666875 0),"POLYGON((0.137415 352.577159,0.137415 352.577159,0.137415 352.577159,0.137415 352.577159,0.137415 352.577159))",POINT(-164.15095 0),,UTC-HGS-TOPO,POINT(0 0),,2010-02-12 07:25:00,true,,0,1.0,1.0,-1.0,-1.0,113.9202,0.0,0.0,0.0,113.920200000000008,0.0
139,2010-02-12 11:19:00,2010-02-12 11:28:00,M8.3,POINT(-184.0416 620.766),"POLYGON((17.04216 130.947,17.04216 130.947,17.04216 130.947,17.04216 130.947,17.04216 130.947))",POINT(0.674451404903691 16.5137735562712),"POLYGON((0.137553 352.584891,0.137553 352.584891,0.137553 352.584891,0.137553 352.584891,0.137553 352.584891))",POINT(-179.35466 33),,UTC-HGS-TOPO,POINT(-13.0000000000002 33),,2010-02-12 11:26:00,true,,1046,-12.0,34.0,-14.0,32.0,620.766,-184.0416,33.0,-13.0000000000002,647.473348707543323,0.0
140,2010-02-12 17:52:00,2010-02-12 18:08:00,M1.1,POINT(-142.0668 621.924),"POLYGON((17.04126 131.1636,17.04126 131.1636,17.04126 131.1636,17.04126 131.1636,17.04126 131.1636))",POINT(0.664524910440017 12.8673617469528),"POLYGON((0.137777 352.597387,0.137777 352.597387,0.137777 352.597387,0.137777 352.597387,0.137777 352.597387))",POINT(-179.94827 33),,UTC-HGS-TOPO,POINT(-10.0000000000002 33),,2010-02-12 18:08:00,true,,1046,-9.0,34.0,-11.0,32.0,621.924,-142.0668,33.0,-10.0000000000002,637.943914022416266,0.0
142,2010-02-12 20:46:00,2010-02-12 20:55:00,C1.3,POINT(-77.0868 512.7828),"POLYGON((17.04084 131.2584,17.04084 131.2584,17.04084 131.2584,17.04084 131.2584,17.04084 131.2584))",POINT(0.540150697841005 8.54927392721929),"POLYGON((0.137875 352.602855,0.137875 352.602855,0.137875 352.602855,0.137875 352.602855,0.137875 352.602855))",POINT(-176.53933 25),,UTC-HGS-TOPO,POINT(-5 25),,2010-02-12 20:51:00,true,,1046,-4.0,26.0,-6.0,24.0,512.7828,-77.0868,25.0,-5.0,518.544669927365021,0.0
144,2010-02-12 22:33:00,2010-02-12 22:40:00,C3.0,POINT(-60.0984 555.6402),"POLYGON((17.0406 131.3166,17.0406 131.3166,17.0406 131.3166,17.0406 131.3166,17.0406 131.3166))",POINT(0.582167594058846 6.17315019964209),"POLYGON((0.137935 352.6062,0.137935 352.6062,0.137935 352.6062,0.137935 352.6062,0.137935 352.6062))",POINT(-176.51775 28),,UTC-HGS-TOPO,POINT(-4.00000000000017 28),,2010-02-12 22:40:00,true,,1046,-3.0,29.0,-5.0,27.0,555.6402,-60.0984,28.0,-4.00000000000017,558.880890296492339,0.0
147,2010-02-13 07:46:00,2010-02-13 08:06:00,C4.3,POINT(-911.184 337.6392),"POLYGON((17.03934 131.6136,17.03934 131.6136,17.03934 131.6136,17.03934 131.6136,17.03934 131.6136))",POINT(1.01221731266376 69.6678149033873),"POLYGON((0.138242 352.62324,0.138242 352.62324,0.138242 352.62324,0.138242 352.62324,0.138242 352.62324))",POINT(96.4255599999998 20),,UTC-HGS-TOPO,POINT(-86.0000000000001 20),,2010-02-13 07:52:00,true,,0,-85.0,21.0,-87.0,19.0,337.6392,-911.184,20.0,-86.0000000000001,971.728620157212504,0.0
149,2010-02-13 12:28:00,2010-02-13 12:48:00,C9.6,POINT(-920.994 307.7874),"POLYGON((17.03868 131.763,17.03868 131.763,17.03868 131.763,17.03868 131.763,17.03868 131.763))",POINT(1.01152378759354 71.5208642582744),"POLYGON((0.138396 352.631795,0.138396 352.631795,0.138396 352.631795,0.138396 352.631795,0.138396 352.631795))",POINT(94.8469100000003 18),,UTC-HGS-TOPO,POINT(-84.9999999999998 18),,2010-02-13 12:39:00,true,,0,-84.0,19.0,-86.0,17.0,307.7874,-920.994,18.0,-84.9999999999998,971.062836089796974,0.0
150,2010-02-13 19:58:00,2010-02-13 20:08:00,C2.7,POINT(215.6256 496.0254),"POLYGON((17.03766 131.9988,17.03766 131.9988,17.03766 131.9988,17.03766 131.9988,17.03766 131.9988))",POINT(0.563401666240228 336.505088794549),"POLYGON((0.138639 352.645248,0.138639 352.645248,0.138639 352.645248,0.138639 352.645248,0.138639 352.645248))",POINT(-170.26797 24),,UTC-HGS-TOPO,POINT(14 24),,2010-02-13 20:04:00,true,,1046,15.0,25.0,13.0,23.0,496.0254,215.6256,24.0,14.0,540.86559959061924,0.0
152,2010-02-13 20:42:00,2010-02-13 20:52:00,C3.0,POINT(-915.558 323.6964),"POLYGON((17.03754 132.0216,17.03754 132.0216,17.03754 132.0216,17.03754 132.0216,17.03754 132.0216))",POINT(1.01155745884904 70.5289037018313),"POLYGON((0.138663 352.646556,0.138663 352.646556,0.138663 352.646556,0.138663 352.646556,0.138663 352.646556))",POINT(90.3296900000002 19),,UTC-HGS-TOPO,POINT(-84.9999999999998 19),,2010-02-13 20:52:00,true,,0,-84.0,20.0,-86.0,18.0,323.6964,-915.558,19.0,-84.9999999999998,971.09516049507738,0.0
154,2010-02-14 11:49:00,2010-02-14 12:04:00,C4.3,POINT(-874.152 362.0112),"POLYGON((17.03544 132.4848,17.03544 132.4848,17.03544 132.4848,17.03544 132.4848,17.03544 132.4848))",POINT(0.985569616846015 67.5041632639547),"POLYGON((0.139141 352.672879,0.139141 352.672879,0.139141 352.672879,0.139141 352.672879,0.139141 352.672879))",POINT(94.03585 20),,UTC-HGS-TOPO,POINT(-72.9999999999997 20),,2010-02-14 12:04:00,true,,0,-72.0,21.0,-74.0,19.0,362.0112,-874.152,20.0,-72.9999999999997,946.146832172174072,0.0
156,2010-02-15 01:05:00,2010-02-15 01:16:00,C1.9,POINT(-835.398 374.6772),"POLYGON((17.03358 132.879,17.03358 132.879,17.03358 132.879,17.03358 132.879,17.03358 132.879))",POINT(0.953721251685011 65.8436972651591),"POLYGON((0.139548 352.695169,0.139548 352.695169,0.139548 352.695169,0.139548 352.695169,0.139548 352.695169))",POINT(93.7569599999999 20),,UTC-HGS-TOPO,POINT(-65.9999999999999 20),,2010-02-15 01:15:00,true,,1048,-65.0,21.0,-67.0,19.0,374.6772,-835.398,20.0,-65.9999999999999,915.572401617610922,0.0
158,2010-03-04 16:03:00,2010-03-04 16:16:00,C2.2,POINT(0 122.6322),"POLYGON((16.9659 139.4262,16.9659 139.4262,16.9659 139.4262,16.9659 139.4262,16.9659 139.4262))",POINT(0.127741875 0),"POLYGON((0.146307 353.062144,0.146307 353.062144,0.146307 353.062144,0.146307 353.062144,0.146307 353.062144))",POINT(-72.3575999999999 0),,UTC-HGS-TOPO,POINT(0 0),,2010-03-04 16:11:00,true,,0,1.0,1.0,-1.0,-1.0,122.6322,0.0,0.0,0.0,122.632200000000012,0.0
161,2010-03-12 18:02:00,2010-03-12 18:45:00,C2.3,POINT(-500.4654 316.8078),"POLYGON((16.92912 138.492,16.92912 138.492,16.92912 138.492,16.92912 138.492,16.92912 138.492))",POINT(0.616991045331722 57.665110555185),"POLYGON((0.145336 353.030798,0.145336 353.030798,0.145336 353.030798,0.145336 353.030798,0.145336 353.030798))",POINT(149.14269 13),,UTC-HGS-TOPO,POINT(-32 13),,2010-03-12 18:27:00,true,,1054,-31.0,14.0,-33.0,12.0,316.8078,-500.4654,13.0,-32.0,592.31140351845329,0.0
162,2010-03-13 23:35:00,2010-03-14 00:23:00,C1.5,POINT(-237.198 423.8748),"POLYGON((16.92342 138.1374,16.92342 138.1374,16.92342 138.1374,16.92342 138.1374,16.92342 138.1374))",POINT(0.505967789652291 29.2311357381037),"POLYGON((0.144969 353.015413,0.144969 353.015413,0.144969 353.015413,0.144969 353.015413,0.144969 353.015413))",POINT(149.91602 19),,UTC-HGS-TOPO,POINT(-14.9999999999998 19),,2010-03-13 23:49:00,true,,1054,-14.0,20.0,-16.0,18.0,423.8748,-237.198,19.0,-14.9999999999998,485.729078066199406,0.0
165,2010-03-26 21:08:00,2010-03-26 21:19:00,C2.5,POINT(-539.5572 384.1218),"POLYGON((16.86312 131.175,16.86312 131.175,16.86312 131.175,16.86312 131.175,16.86312 131.175))",POINT(0.689919613142595 54.5521589527007),"POLYGON((0.137765 352.674555,0.137765 352.674555,0.137765 352.674555,0.137765 352.674555,0.137765 352.674555))",POINT(-41.1263099999998 18),,UTC-HGS-TOPO,POINT(-35.9999999999998 18),,2010-03-26 21:16:00,true,,0,-35.0,19.0,-37.0,17.0,384.1218,-539.5572,18.0,-35.9999999999998,662.322828616891343,0.0
168,2010-03-27 05:12:00,2010-03-27 05:18:00,C1.2,POINT(-454.1748 328.7754),"POLYGON((16.8615 130.9164,16.8615 130.9164,16.8615 130.9164,16.8615 130.9164,16.8615 130.9164))",POINT(0.58404719396912 54.0993647422534),"POLYGON((0.137498 352.66094,0.137498 352.66094,0.137498 352.66094,0.137498 352.66094,0.137498 352.66094))",POINT(-38.5590800000001 14),,UTC-HGS-TOPO,POINT(-29 14),,2010-03-27 05:14:00,true,,1057,-28.0,15.0,-30.0,13.0,328.7754,-454.1748,14.0,-29.0,560.685306210355407,0.0
170,2010-03-27 07:54:00,2010-03-27 08:00:00,C2.0,POINT(-425.3214 330.534),"POLYGON((16.86096 130.8294,16.86096 130.8294,16.86096 130.8294,16.86096 130.8294,16.86096 130.8294))",POINT(0.561100707893715 52.1478147598945),"POLYGON((0.137408 352.656345,0.137408 352.656345,0.137408 352.656345,0.137408 352.656345,0.137408 352.656345))",POINT(-38.0427999999998 14),,UTC-HGS-TOPO,POINT(-26.9999999999999 14),,2010-03-27 07:57:00,true,,1057,-26.0,15.0,-28.0,13.0,330.534,-425.3214,14.0,-26.9999999999999,538.656679577966429,0.0
172,2010-03-27 10:05:00,2010-03-27 10:18:00,C1.5,POINT(-410.6922 331.3416),"POLYGON((16.86054 130.7586,16.86054 130.7586,16.86054 130.7586,16.86054 130.7586,16.86054 130.7586))",POINT(0.54967570441615 51.1038219334266),"POLYGON((0.137335 352.652593,0.137335 352.652593,0.137335 352.652593,0.137335 352.652593,0.137335 352.652593))",POINT(-38.2426000000002 14),,UTC-HGS-TOPO,POINT(-26.0000000000001 14),,2010-03-27 10:14:00,true,,1057,-25.0,15.0,-27.0,13.0,331.3416,-410.6922,14.0,-26.0000000000001,527.688676239503934,0.0
174,2010-03-27 18:23:00,2010-03-27 18:33:00,C3.8,POINT(-335.7606 334.9806),"POLYGON((16.85886 130.4868,16.85886 130.4868,16.85886 130.4868,16.85886 130.4868,16.85886 130.4868))",POINT(0.494047887118654 45.0666288098522),"POLYGON((0.137054 352.638182,0.137054 352.638182,0.137054 352.638182,0.137054 352.638182,0.137054 352.638182))",POINT(-37.8037400000003 14),,UTC-HGS-TOPO,POINT(-20.9999999999998 14),,2010-03-27 18:29:00,true,,1057,-20.0,15.0,-22.0,13.0,334.9806,-335.7606,14.0,-20.9999999999998,474.285971633907764,0.0
175,2010-04-30 19:28:00,2010-04-30 19:38:00,C2.2,POINT(-869.142 389.7972),"POLYGON((16.69986 86.886,16.69986 86.886,16.69986 86.886,16.69986 86.886,16.69986 86.886))",POINT(0.992238583162147 65.8444783759633),"POLYGON((0.092163 349.120188,0.092163 349.120188,0.092163 349.120188,0.092163 349.120188,0.092163 349.120188))",POINT(166.71549 24),,UTC-HGS-TOPO,POINT(-87 24),,2010-04-30 19:34:00,true,,0,-86.0,25.0,-88.0,23.0,389.7972,-869.142,24.0,-87.0,952.549039835661119,0.0
177,2010-05-01 01:34:00,2010-05-01 01:43:00,C5.7,POINT(-859.938 396.5484),"POLYGON((16.69878 86.4576,16.69878 86.4576,16.69878 86.4576,16.69878 86.4576,16.69878 86.4576))",POINT(0.986422582392113 65.2438705710425),"POLYGON((0.091724 349.068264,0.091724 349.068264,0.091724 349.068264,0.091724 349.068264,0.091724 349.068264))",POINT(169.35642 24),,UTC-HGS-TOPO,POINT(-80.9999999999999 24),,2010-05-01 01:39:00,true,,0,-80.0,25.0,-82.0,23.0,396.5484,-859.938,24.0,-80.9999999999999,946.965679096428516,0.0
179,2010-05-04 16:15:00,2010-05-04 16:29:00,C3.6,POINT(281.4858 668.976),"POLYGON((16.68342 80.2428,16.68342 80.2428,16.68342 80.2428,16.68342 80.2428,16.68342 80.2428))",POINT(0.756025523515338 337.180046325982),"POLYGON((0.085374 348.254864,0.085374 348.254864,0.085374 348.254864,0.085374 348.254864,0.085374 348.254864))",POINT(-134.3824 41),,UTC-HGS-TOPO,POINT(23 41),,2010-05-04 16:29:00,true,,0,24.0,42.0,22.0,40.0,668.976,281.4858,41.0,23.0,725.784502574724343,0.0
181,2010-05-05 07:09:00,2010-05-05 07:16:00,C2.3,POINT(370.899 665.04),"POLYGON((16.68084 79.152,16.68084 79.152,16.68084 79.152,16.68084 79.152,16.68084 79.152))",POINT(0.793203189414456 330.851185073292),"POLYGON((0.084261 348.099378,0.084261 348.099378,0.084261 348.099378,0.084261 348.099378,0.084261 348.099378))",POINT(-134.58916 41),,UTC-HGS-TOPO,POINT(31 41),,2010-05-05 07:16:00,true,,1069,32.0,42.0,30.0,40.0,665.04,370.899,41.0,31.0,761.475061837877888,0.0
186,2010-05-05 11:37:00,2010-05-05 11:58:00,C8.9,POINT(402.639 663.432),"POLYGON((16.68006 78.8238,16.68006 78.8238,16.68006 78.8238,16.68006 78.8238,16.68006 78.8238))",POINT(0.808389833013219 328.746302577256),"POLYGON((0.083926 348.051791,0.083926 348.051791,0.083926 348.051791,0.083926 348.051791,0.083926 348.051791))",POINT(-134.04941 41),,UTC-HGS-TOPO,POINT(34 41),,2010-05-05 11:52:00,true,,1069,35.0,42.0,33.0,40.0,663.432,402.639,41.0,34.0,776.054239692690544,0.0
189,2010-05-05 17:13:00,2010-05-05 17:22:00,M1.2,POINT(77.7402 399.1158),"POLYGON((16.6791 78.4116,16.6791 78.4116,16.6791 78.4116,16.6791 78.4116,16.6791 78.4116))",POINT(0.423558831665722 348.97787611112),"POLYGON((0.083506 347.991471,0.083506 347.991471,0.083506 347.991471,0.083506 347.991471,0.083506 347.991471))",POINT(-166.13393 21),,UTC-HGS-TOPO,POINT(5 21),,2010-05-05 17:19:00,true,,0,6.0,22.0,4.0,20.0,399.1158,77.7402,21.0,5.0,406.616478399092955,0.0
191,2010-05-07 07:29:00,2010-05-07 07:42:00,C2.0,POINT(590.5332 637.794),"POLYGON((16.67256 75.5718,16.67256 75.5718,16.67256 75.5718,16.67256 75.5718,16.67256 75.5718))",POINT(0.905417869123492 317.203410741621),"POLYGON((0.080614 347.558768,0.080614 347.558768,0.080614 347.558768,0.080614 347.558768,0.080614 347.558768))",POINT(-138.21251 40),,UTC-HGS-TOPO,POINT(54 40),,2010-05-07 07:41:00,true,,1069,55.0,41.0,53.0,39.0,637.794,590.5332,40.0,54.0,869.201154358552344,0.0
193,2010-05-08 04:51:00,2010-05-08 04:59:00,C9.3,POINT(666.264 628.674),"POLYGON((16.66896 73.9698,16.66896 73.9698,16.66896 73.9698,16.66896 73.9698,16.66896 73.9698))",POINT(0.95421369742399 313.337261161319),"POLYGON((0.078984 347.30063,0.078984 347.30063,0.078984 347.30063,0.078984 347.30063,0.078984 347.30063))",POINT(-137.98275 40),"POLYGON((157.01725 1,157.01725 1,157.01725 1,157.01725 1,157.01725 1))",UTC-HGS-TOPO,POINT(66 40),"POLYGON((1 1,1 1,1 1,1 1,1 1))",2010-05-08 04:59:00,true,,1069,67.0,41.0,65.0,39.0,628.674,666.264,40.0,66.0,916.04514952703073,0.0
195,2010-05-08 11:40:00,2010-05-08 11:50:00,C1.8,POINT(676.092 627.03),"POLYGON((16.66782 73.4562,16.66782 73.4562,16.66782 73.4562,16.66782 73.4562,16.66782 73.4562))",POINT(0.96052004446566 312.84385617595),"POLYGON((0.078462 347.215591,0.078462 347.215591,0.078462 347.215591,0.078462 347.215591,0.078462 347.215591))",POINT(-139.73795 40),"POLYGON((153.26205 1,153.26205 1,153.26205 1,153.26205 1,153.26205 1))",UTC-HGS-TOPO,POINT(68 40),"POLYGON((1 1,1 1,1 1,1 1,1 1))",2010-05-08 11:50:00,true,,1069,69.0,41.0,67.0,39.0,627.03,676.092,40.0,68.0,922.099242687033097,0.0
197,2010-05-08 20:04:00,2010-05-08 20:11:00,C2.4,POINT(700.638 622.356),"POLYGON((16.66638 72.8214,16.66638 72.8214,16.66638 72.8214,16.66638 72.8214,16.66638 72.8214))",POINT(0.976181507780604 311.613737683944),"POLYGON((0.077817 347.108932,0.077817 347.108932,0.077817 347.108932,0.077817 347.108932,0.077817 347.108932))",POINT(-138.36546 40),"POLYGON((148.63454 1,148.63454 1,148.63454 1,148.63454 1,148.63454 1))",UTC-HGS-TOPO,POINT(74 40),"POLYGON((1 1,1 1,1 1,1 1,1 1))",2010-05-08 20:11:00,true,,1069,75.0,41.0,73.0,39.0,622.356,700.638,40.0,74.0,937.134247469379375,0.0
200,2010-06-12 00:30:00,2010-06-12 01:02:00,M2.0,POINT(638.07 363.693),"POLYGON((16.56678 6.01356,16.56678 6.01356,16.56678 6.01356,16.56678 6.01356,16.56678 6.01356))",POINT(0.77715140762682 299.682672527638),"POLYGON((0.018649 289.950344,0.018649 289.950344,0.018649 289.950344,0.018649 289.950344,0.018649 289.950344))",POINT(102.359163 23),"POLYGON((56.359163 1,56.359163 1,56.359163 1,56.359163 1,56.359163 1))",UTC-HGS-TOPO,POINT(47 23),"POLYGON((1 1,1 1,1 1,1 1,1 1))",2010-06-12 00:57:00,true,,1081,48.0,24.0,46.0,22.0,363.693,638.07,23.0,47.0,734.442593501357237,0.0
201,2010-06-12 09:02:00,2010-06-12 09:17:00,C6.1,POINT(687.282 363.8178),"POLYGON((16.56618 5.30547,16.56618 5.30547,16.56618 5.30547,16.56618 5.30547,16.56618 5.30547))",POINT(0.822889013457823 297.894837192),"POLYGON((0.018407 287.758137,0.018407 287.758137,0.018407 287.758137,0.018407 287.758137,0.018407 287.758137))",POINT(102.652958 23),"POLYGON((51.652958 1,51.652958 1,51.652958 1,51.652958 1,51.652958 1))",UTC-HGS-TOPO,POINT(52 23),"POLYGON((1 1,1 1,1 1,1 1,1 1))",2010-06-12 09:16:00,true,,1081,53.0,24.0,51.0,22.0,363.8178,687.282,23.0,52.0,777.637408514302365,0.0
204,2010-06-13 05:30:00,2010-06-13 05:39:00,M1.0,POINT(855.312 -386.1582),"POLYGON((16.56474 3.609282,16.56474 3.609282,16.56474 3.609282,16.56474 3.609282,16.56474 3.609282))",POINT(0.993139585969653 245.701668014979),"POLYGON((0.017941 282.292024,0.017941 282.292024,0.017941 282.292024,0.017941 282.292024,0.017941 282.292024))",POINT(121.365342 -24),"POLYGON((40.365342 1,40.365342 1,40.365342 1,40.365342 1,40.365342 1))",UTC-HGS-TOPO,POINT(82 -24),"POLYGON((1 1,1 1,1 1,1 1,1 1))",2010-06-13 05:39:00,true,,1079,83.0,-23.0,81.0,-25.0,-386.1582,855.312,-24.0,82.0,938.443803736398422,0.0
207,2010-06-13 06:08:00,2010-06-13 06:13:00,C1.2,POINT(783.246 364.635),"POLYGON((16.56468 3.556842,16.56468 3.556842,16.56468 3.556842,16.56468 3.556842,16.56468 3.556842))",POINT(0.914320750245562 294.964021297843),"POLYGON((0.01793 282.11879,0.01793 282.11879,0.01793 282.11879,0.01793 282.11879,0.01793 282.11879))",POINT(103.016049 23),"POLYGON((40.016049 1,40.016049 1,40.016049 1,40.016049 1,40.016049 1))",UTC-HGS-TOPO,POINT(64 23),"POLYGON((1 1,1 1,1 1,1 1,1 1))",2010-06-13 06:11:00,true,,1081,65.0,24.0,63.0,22.0,364.635,783.246,23.0,64.0,863.963529172962126,0.0
210,2010-06-13 07:05:00,2010-06-13 07:10:00,C1.2,POINT(801.606 -389.3592),"POLYGON((16.56462 3.478194,16.56462 3.478194,16.56462 3.478194,16.56462 3.478194,16.56462 3.478194))",POINT(0.943110045970826 244.093045865826),"POLYGON((0.017912 281.858533,0.017912 281.858533,0.017912 281.858533,0.017912 281.858533,0.017912 281.858533))",POINT(106.49211 -24),"POLYGON((39.49211 1,39.49211 1,39.49211 1,39.49211 1,39.49211 1))",UTC-HGS-TOPO,POINT(68 -24),"POLYGON((1 1,1 1,1 1,1 1,1 1))",2010-06-13 07:08:00,true,,1080,69.0,-23.0,67.0,-25.0,-389.3592,801.606,-24.0,68.0,891.163714398560955,0.0
211,2010-06-13 07:31:00,2010-06-13 07:38:00,C1.2,POINT(869.712 -369.4038),"POLYGON((16.56456 3.44232,16.56456 3.44232,16.56456 3.44232,16.56456 3.44232,16.56456 3.44232))",POINT(0.999992830154682 246.986997216813),"POLYGON((0.017905 281.739677,0.017905 281.739677,0.017905 281.739677,0.017905 281.739677,0.017905 281.739677))",POINT(127.25312 -23),"POLYGON((39.25312 1,39.25312 1,39.25312 1,39.25312 1,39.25312 1))",UTC-HGS-TOPO,POINT(89 -23),"POLYGON((1 1,1 1,1 1,1 1,1 1))",2010-06-13 07:34:00,true,,1079,90.0,-22.0,88.0,-24.0,-369.4038,869.712,-23.0,89.0,944.911705080659885,0.0
213,2010-06-13 08:06:00,2010-06-13 08:16:00,C1.2,POINT(795.474 349.4364),"POLYGON((16.56456 3.394026,16.56456 3.394026,16.56456 3.394026,16.56456 3.394026,16.56456 3.394026))",POINT(0.919490002867468 293.714958619762),"POLYGON((0.017894 281.579454,0.017894 281.579454,0.017894 281.579454,0.017894 281.579454,0.017894 281.579454))",POINT(102.931403 22),"POLYGON((38.931403 1,38.931403 1,38.931403 1,38.931403 1,38.931403 1))",UTC-HGS-TOPO,POINT(65 22),"POLYGON((1 1,1 1,1 1,1 1,1 1))",2010-06-13 08:13:00,true,,1081,66.0,23.0,64.0,21.0,349.4364,795.474,22.0,65.0,868.840999447516765,0.0
216,2010-06-13 09:41:00,2010-06-13 09:48:00,C1.7,POINT(795.984 364.8474),"POLYGON((16.56444 3.262968,16.56444 3.262968,16.56444 3.262968,16.56444 3.262968,16.56444 3.262968))",POINT(0.926666479866511 294.624837753765),"POLYGON((0.017867 281.143806,0.017867 281.143806,0.017867 281.143806,0.017867 281.143806,0.017867 281.143806))",POINT(103.05817 23),"POLYGON((38.05817 1,38.05817 1,38.05817 1,38.05817 1,38.05817 1))",UTC-HGS-TOPO,POINT(66 23),"POLYGON((1 1,1 1,1 1,1 1,1 1))",2010-06-13 09:46:00,true,,1081,67.0,24.0,65.0,22.0,364.8474,795.984,23.0,66.0,875.616442023994978,0.0
217,2010-06-13 10:47:00,2010-06-13 10:55:00,C1.5,POINT(801.762 349.518),"POLYGON((16.56438 3.17193,16.56438 3.17193,16.56438 3.17193,16.56438 3.17193,16.56438 3.17193))",POINT(0.925631246879027 293.554185310247),"POLYGON((0.017849 280.840397,0.017849 280.840397,0.017849 280.840397,0.017849 280.840397,0.017849 280.840397))",POINT(102.451503 22),"POLYGON((37.451503 1,37.451503 1,37.451503 1,37.451503 1,37.451503 1))",UTC-HGS-TOPO,POINT(66 22),"POLYGON((1 1,1 1,1 1,1 1,1 1))",2010-06-13 10:53:00,true,,1081,67.0,23.0,65.0,21.0,349.518,801.762,22.0,66.0,874.634287555661786,0.0
219,2010-06-14 00:44:00,2010-06-14 00:51:00,C1.5,POINT(799.164 410.2878),"POLYGON((16.56342 2.018214,16.56342 2.018214,16.56342 2.018214,16.56342 2.018214,16.56342 2.018214))",POINT(0.950763563192201 297.175794081561),"POLYGON((0.01766 276.947111,0.01766 276.947111,0.01766 276.947111,0.01766 276.947111,0.01766 276.947111))",POINT(98.757833 26),"POLYGON((29.757833 1,29.757833 1,29.757833 1,29.757833 1,29.757833 1))",UTC-HGS-TOPO,POINT(70 26),"POLYGON((1 1,1 1,1 1,1 1,1 1))",2010-06-14 00:51:00,true,,1081,71.0,27.0,69.0,25.0,410.2878,799.164,26.0,70.0,898.331329591058989,0.0
222,2010-07-08 22:03:00,2010-07-08 22:24:00,C1.2,POINT(-861.384 381.0102),"POLYGON((16.53462 -44.56134,16.53462 -44.56134,16.53462 -44.56134,16.53462 -44.56134,16.53462 -44.56134))",POINT(0.998583511193866 66.1390776287299),"POLYGON((0.050391 200.357524,0.050391 200.357524,0.050391 200.357524,0.050391 200.357524,0.050391 200.357524))",POINT(-28.671022 24),"POLYGON((60.328978 1,60.328978 1,60.328978 1,60.328978 1,60.328978 1))",UTC-HGS-TOPO,POINT(-88 24),"POLYGON((1 1,1 1,1 1,1 1,1 1))",2010-07-08 22:16:00,true,,0,-87.0,25.0,-89.0,23.0,381.0102,-861.384,24.0,-88.0,941.887025051327555,0.0
223,2010-07-09 08:53:00,2010-07-09 09:01:00,C1.8,POINT(-878.79 333.429),"POLYGON((16.53474 -45.33306,16.53474 -45.33306,16.53474 -45.33306,16.53474 -45.33306,16.53474 -45.33306))",POINT(0.99648973750395 69.2223385778289),"POLYGON((0.051159 200.038891,0.051159 200.038891,0.051159 200.038891,0.051159 200.038891,0.051159 200.038891))",POINT(-32.644973 21),"POLYGON((54.355027 1,54.355027 1,54.355027 1,54.355027 1,54.355027 1))",UTC-HGS-TOPO,POINT(-86 21),"POLYGON((1 1,1 1,1 1,1 1,1 1))",2010-07-09 09:01:00,true,,0,-85.0,22.0,-87.0,20.0,333.429,-878.79,21.0,-86.0,939.918486966290061,0.0
225,2010-07-09 19:26:00,2010-07-09 19:44:00,C3.3,POINT(-853.05 339.9378),"POLYGON((16.53486 -46.08132,16.53486 -46.08132,16.53486 -46.08132,16.53486 -46.08132,16.53486 -46.08132))",POINT(0.973549347862961 68.2728703330867),"POLYGON((0.051904 199.738958,0.051904 199.738958,0.051904 199.738958,0.051904 199.738958,0.051904 199.738958))",POINT(-29.462631 22),"POLYGON((48.537369 1,48.537369 1,48.537369 1,48.537369 1,48.537369 1))",UTC-HGS-TOPO,POINT(-77 22),"POLYGON((1 1,1 1,1 1,1 1,1 1))",2010-07-09 19:43:00,true,,0,-76.0,23.0,-78.0,21.0,339.9378,-853.05,22.0,-77.0,918.287542313865742,0.0
227,2010-07-13 10:43:00,2010-07-13 10:51:00,C2.6,POINT(-378.4746 248.7474),"POLYGON((16.53666 -52.14342,16.53666 -52.14342,16.53666 -52.14342,16.53666 -52.14342,16.53666 -52.14342))",POINT(0.480102852461498 56.6856138580865),"POLYGON((0.057988 197.5958,0.057988 197.5958,0.057988 197.5958,0.057988 197.5958,0.057988 197.5958))",POINT(-25.5918 19),"POLYGON((0.4082 1,0.4082 1,0.4082 1,0.4082 1,0.4082 1))",UTC-HGS-TOPO,POINT(-25 19),"POLYGON((1 1,1 1,1 1,1 1,1 1))",2010-07-13 10:51:00,true,,1087,-24.0,20.0,-26.0,18.0,248.7474,-378.4746,19.0,-25.0,452.899869564918333,0.0
229,2010-07-14 12:11:00,2010-07-14 12:30:00,C1.4,POINT(-123.108 273.5622),"POLYGON((16.53744 -53.86698,16.53744 -53.86698,16.53744 -53.86698,16.53744 -53.86698,16.53744 -53.86698))",POINT(0.31798999091228 24.2286179199643),"POLYGON((0.05973 197.066756,0.05973 197.066756,0.05973 197.066756,0.05973 197.066756,0.05973 197.066756))",POINT(-22.6337 21),"POLYGON((-13.6337 1,-13.6337 1,-13.6337 1,-13.6337 1,-13.6337 1))",UTC-HGS-TOPO,POINT(-8 21),"POLYGON((1 1,1 1,1 1,1 1,1 1))",2010-07-14 12:30:00,true,,1087,-7.0,22.0,-9.0,20.0,273.5622,-123.108,21.0,-8.0,299.986427914397495,0.0
231,2010-07-14 20:31:00,2010-07-14 20:47:00,C3.6,POINT(-15.72876 224.5566),"POLYGON((16.53768 -54.42642,16.53768 -54.42642,16.53768 -54.42642,16.53768 -54.42642,16.53768 -54.42642))",POINT(0.23861248837661 4.00666070985378),"POLYGON((0.060296 196.901609,0.060296 196.901609,0.060296 196.901609,0.060296 196.901609,0.060296 196.901609))",POINT(-20.22849 18),"POLYGON((-18.22849 1,-18.22849 1,-18.22849 1,-18.22849 1,-18.22849 1))",UTC-HGS-TOPO,POINT(-1 18),"POLYGON((1 1,1 1,1 1,1 1,1 1))",2010-07-14 20:45:00,true,,1087,0.0,19.0,-2.0,17.0,224.5566,-15.72876,18.0,-1.0,225.106775763630907,0.0
233,2010-07-17 17:27:00,2010-07-17 18:01:00,C2.4,POINT(526.2918 249.6462),"POLYGON((16.54038 -58.96362,16.54038 -58.96362,16.54038 -58.96362,16.54038 -58.96362,16.54038 -58.96362))",POINT(0.617347355010439 295.377296092712),"POLYGON((0.064903 195.669785,0.064903 195.669785,0.064903 195.669785,0.064903 195.669785,0.064903 195.669785))",POINT(-21.23498 19),"POLYGON((-56.23498 1,-56.23498 1,-56.23498 1,-56.23498 1,-56.23498 1))",UTC-HGS-TOPO,POINT(36 19),"POLYGON((1 1,1 1,1 1,1 1,1 1))",2010-07-17 18:01:00,true,,0,37.0,20.0,35.0,18.0,249.6462,526.2918,19.0,36.0,582.500029117321219,0.0
235,2010-07-20 13:38:00,2010-07-20 13:45:00,C1.4,POINT(-806.172 -367.758),"POLYGON((16.54374 -63.2862,16.54374 -63.2862,16.54374 -63.2862,16.54374 -63.2862,16.54374 -63.2862))",POINT(0.938911921830234 114.521432358454),"POLYGON((0.069312 194.649942,0.069312 194.649942,0.069312 194.649942,0.069312 194.649942,0.069312 194.649942))",POINT(-160.82505 -21),"POLYGON((-93.82505 1,-93.82505 1,-93.82505 1,-93.82505 1,-93.82505 1))",UTC-HGS-TOPO,POINT(-66 -21),"POLYGON((1 1,1 1,1 1,1 1,1 1))",2010-07-20 13:45:00,true,,0,-65.0,-20.0,-67.0,-22.0,-367.758,-806.172,-21.0,-66.0,886.092117190983799,0.0
237,2010-07-27 04:12:00,2010-07-27 04:24:00,C2.2,POINT(354.8508 -443.5968),"POLYGON((16.55346 -72.6516,16.55346 -72.6516,16.55346 -72.6516,16.55346 -72.6516,16.55346 -72.6516))",POINT(0.601572519457897 218.657710100276),"POLYGON((0.078909 192.835558,0.078909 192.835558,0.078909 192.835558,0.078909 192.835558,0.078909 192.835558))",POINT(-158.23172 -23),"POLYGON((178.76828 1,178.76828 1,178.76828 1,178.76828 1,178.76828 1))",UTC-HGS-TOPO,POINT(24 -23),"POLYGON((1 1,1 1,1 1,1 1,1 1))",2010-07-27 04:24:00,true,,1089,25.0,-22.0,23.0,-24.0,-443.5968,354.8508,-23.0,24.0,568.06444285035127,0.0
239,2010-07-28 20:33:00,2010-07-28 20:42:00,C2.8,POINT(616.47 -427.7202),"POLYGON((16.55628 -74.8716,16.55628 -74.8716,16.55628 -74.8716,16.55628 -74.8716,16.55628 -74.8716))",POINT(0.794441856270736 235.246251521814),"POLYGON((0.081189 192.469103,0.081189 192.469103,0.081189 192.469103,0.081189 192.469103,0.081189 192.469103))",POINT(-159.47081 -23),"POLYGON((156.52919 1,156.52919 1,156.52919 1,156.52919 1,156.52919 1))",UTC-HGS-TOPO,POINT(45 -23),"POLYGON((1 1,1 1,1 1,1 1,1 1))",2010-07-28 20:41:00,true,,1089,46.0,-22.0,44.0,-24.0,-427.7202,616.47,-23.0,45.0,750.319818736010802,0.0
241,2010-08-01 07:24:00,2010-08-01 10:25:00,C3.2,POINT(-511.122 249.0714),"POLYGON((16.56264 -79.2108,16.56264 -79.2108,16.56264 -79.2108,16.56264 -79.2108,16.56264 -79.2108))",POINT(0.60178400039239 64.0198764862564),"POLYGON((0.08565 191.810148,0.08565 191.810148,0.08565 191.810148,0.08565 191.810148,0.08565 191.810148))",POINT(74.87013 20),"POLYGON((110.87013 1,110.87013 1,110.87013 1,110.87013 1,110.87013 1))",UTC-HGS-TOPO,POINT(-35 20),"POLYGON((1 1,1 1,1 1,1 1,1 1))",2010-08-01 08:56:00,true,,1092,-34.0,21.0,-36.0,19.0,249.0714,-511.122,20.0,-35.0,568.579159996178646,0.0
242,2010-08-01 07:55:00,2010-08-01 09:35:00,C3.2,POINT(-902.388 -279.6288),"POLYGON((16.56264 -79.2372,16.56264 -79.2372,16.56264 -79.2372,16.56264 -79.2372,16.56264 -79.2372))",POINT(0.999889100421001 107.216978291727),"POLYGON((0.085677 191.806323,0.085677 191.806323,0.085677 191.806323,0.085677 191.806323,0.085677 191.806323))",POINT(22.58541 -17),"POLYGON((110.58541 1,110.58541 1,110.58541 1,110.58541 1,110.58541 1))",UTC-HGS-TOPO,POINT(-87 -17),"POLYGON((1 1,1 1,1 1,1 1,1 1))",2010-08-01 08:26:00,true,,1092,-86.0,-16.0,-88.0,-18.0,-279.6288,-902.388,-17.0,-87.0,944.720259300836574,0.0
244,2010-08-05 20:37:00,2010-08-05 22:20:00,C1.4,POINT(-861.036 262.905),"POLYGON((16.57218 -84.4608,16.57218 -84.4608,16.57218 -84.4608,16.57218 -84.4608,16.57218 -84.4608))",POINT(0.952306138230794 73.0207003627531),"POLYGON((0.091045 191.101065,0.091045 191.101065,0.091045 191.101065,0.091045 191.101065,0.091045 191.101065))",POINT(-23.310879 18),"POLYGON((50.689121 1,50.689121 1,50.689121 1,50.689121 1,50.689121 1))",UTC-HGS-TOPO,POINT(-73 18),"POLYGON((1 1,1 1,1 1,1 1,1 1))",2010-08-05 21:35:00,true,,0,-72.0,19.0,-74.0,17.0,262.905,-861.036,18.0,-73.0,900.278863642260603,0.0
246,2010-08-07 17:48:00,2010-08-07 18:45:00,M1.0,POINT(-554.2104 148.5234),"POLYGON((16.57662 -86.4696,16.57662 -86.4696,16.57662 -86.4696,16.57662 -86.4696,16.57662 -86.4696))",POINT(0.606762828898532 74.9977650204),"POLYGON((0.093107 190.852201,0.093107 190.852201,0.093107 190.852201,0.093107 190.852201,0.093107 190.852201))",POINT(-12.204929 14),"POLYGON((25.795071 1,25.795071 1,25.795071 1,25.795071 1,25.795071 1))",UTC-HGS-TOPO,POINT(-37 14),"POLYGON((1 1,1 1,1 1,1 1,1 1))",2010-08-07 18:24:00,true,,1093,-36.0,15.0,-38.0,13.0,148.5234,-554.2104,14.0,-37.0,573.766823557897965,0.0
247,2010-08-07 17:55:00,2010-08-07 18:24:00,M1.0,POINT(-554.2104 148.5198),"POLYGON((16.57662 -86.475,16.57662 -86.475,16.57662 -86.475,16.57662 -86.475,16.57662 -86.475))",POINT(0.60676140710966 74.9981122603173),"POLYGON((0.093113 190.851539,0.093113 190.851539,0.093113 190.851539,0.093113 190.851539,0.093113 190.851539))",POINT(-12.269205 14),"POLYGON((25.730795 1,25.730795 1,25.730795 1,25.730795 1,25.730795 1))",UTC-HGS-TOPO,POINT(-37 14),"POLYGON((1 1,1 1,1 1,1 1,1 1))",2010-08-07 18:24:00,true,,1093,-36.0,15.0,-38.0,13.0,148.5198,-554.2104,14.0,-37.0,573.765891684230382,0.0
249,2010-08-14 09:38:00,2010-08-14 10:05:00,C4.4,POINT(769.668 136.365),"POLYGON((16.5948 -92.7738,16.5948 -92.7738,16.5948 -92.7738,16.5948 -92.7738,16.5948 -92.7738))",POINT(0.825702287538149 280.047049005131),"POLYGON((0.099557 190.141459,0.099557 190.141459,0.099557 190.141459,0.099557 190.141459,0.099557 190.141459))",POINT(-7.25128000000001 12),"POLYGON((-62.25128 1,-62.25128 1,-62.25128 1,-62.25128 1,-62.25128 1))",UTC-HGS-TOPO,POINT(56 12),"POLYGON((1 1,1 1,1 1,1 1,1 1))",2010-08-14 10:05:00,true,,1093,57.0,13.0,55.0,11.0,136.365,769.668,12.0,56.0,781.654810929351356,0.0
252,2010-08-14 18:03:00,2010-08-14 18:10:00,C1.6,POINT(707.376 243.3534),"POLYGON((16.59582 -93.0696,16.59582 -93.0696,16.59582 -93.0696,16.59582 -93.0696,16.59582 -93.0696))",POINT(0.790169556907845 288.984379937706),"POLYGON((0.099859 190.110501,0.099859 190.110501,0.099859 190.110501,0.099859 190.110501,0.099859 190.110501))",POINT(-15.88706 19),"POLYGON((-66.88706 1,-66.88706 1,-66.88706 1,-66.88706 1,-66.88706 1))",UTC-HGS-TOPO,POINT(52 19),"POLYGON((1 1,1 1,1 1,1 1,1 1))",2010-08-14 18:08:00,true,,0,53.0,20.0,51.0,18.0,243.3534,707.376,19.0,52.0,748.065293051054482,0.0
253,2010-08-15 18:23:00,2010-08-15 18:30:00,C5.4,POINT(866.16 209.1792),"POLYGON((16.59894 -93.9054,16.59894 -93.9054,16.59894 -93.9054,16.59894 -93.9054,16.59894 -93.9054))",POINT(0.941036909579709 283.577066005141),"POLYGON((0.10071 190.024191,0.10071 190.024191,0.10071 190.024191,0.10071 190.024191,0.10071 190.024191))",POINT(-10.28914 15),"POLYGON((-80.28914 1,-80.28914 1,-80.28914 1,-80.28914 1,-80.28914 1))",UTC-HGS-TOPO,POINT(71 15),"POLYGON((1 1,1 1,1 1,1 1,1 1))",2010-08-15 18:30:00,true,,1099,72.0,16.0,70.0,14.0,209.1792,866.16,15.0,71.0,891.060650748668195,0.0
255,2010-08-16 16:34:00,2010-08-16 16:39:00,C1.4,POINT(887.838 272.6298),"POLYGON((16.60188 -94.6398,16.60188 -94.6398,16.60188 -94.6398,16.60188 -94.6398,16.60188 -94.6398))",POINT(0.980672687060063 287.070233095826),"POLYGON((0.101456 189.949691,0.101456 189.949691,0.101456 189.949691,0.101456 189.949691,0.101456 189.949691))",POINT(-13.50659 18),"POLYGON((-92.50659 1,-92.50659 1,-92.50659 1,-92.50659 1,-92.50659 1))",UTC-HGS-TOPO,POINT(80 18),"POLYGON((1 1,1 1,1 1,1 1,1 1))",2010-08-16 16:39:00,true,,1099,81.0,19.0,79.0,17.0,272.6298,887.838,18.0,80.0,928.753639073376576,0.0
259,2010-08-17 23:05:00,2010-08-18 00:22:00,C1.5,POINT(905.62812 271.392084),"POLYGON((16.605963 -95.607576,16.605963 -95.607576,16.605963 -95.607576,16.605963 -95.607576,16.605963 -95.607576))",POINT(0.998023892126189 286.682041669247),"POLYGON((0.102438 189.853334,0.102438 189.853334,0.102438 189.853334,0.102438 189.853334,0.102438 189.853334))",POINT(-22.31285 17),"POLYGON((-109.31285 1,-109.31285 1,-109.31285 1,-109.31285 1,-109.31285 1))",UTC-HGS-TOPO,POINT(88 17),"POLYGON((1 1,1 1,1 1,1 1,1 1))",2010-08-18 00:01:00,true,,0,89.0,18.0,87.0,16.0,271.392084,905.62812,17.0,88.0,945.418402080580108,0.0
262,2010-08-18 04:45:00,2010-08-18 06:51:00,C4.5,POINT(900.70728 287.07945),"POLYGON((16.606733 -95.781846,16.606733 -95.781846,16.606733 -95.781846,16.606733 -95.781846,16.606733 -95.781846))",POINT(0.99790643270359 287.678468584029),"POLYGON((0.102615 189.836204,0.102615 189.836204,0.102615 189.836204,0.102615 189.836204,0.102615 189.836204))",POINT(-25.43353 18),"POLYGON((-112.43353 1,-112.43353 1,-112.43353 1,-112.43353 1,-112.43353 1))",UTC-HGS-TOPO,POINT(88 18),"POLYGON((1 1,1 1,1 1,1 1,1 1))",2010-08-18 05:48:00,true,,0,89.0,19.0,87.0,17.0,287.07945,900.70728,18.0,88.0,945.350842204787455,0.0
264,2010-09-06 14:54:00,2010-09-06 15:01:00,C2.5,POINT(781.758 217.3638),"POLYGON((16.6779 -103.9608,16.6779 -103.9608,16.6779 -103.9608,16.6779 -103.9608,16.6779 -103.9608))",POINT(0.852881308350396 285.538316952418),"POLYGON((0.110671 189.114012,0.110671 189.114012,0.110671 189.114012,0.110671 189.114012,0.110671 189.114012))",POINT(48.95699 17),"POLYGON((-9.04301 1,-9.04301 1,-9.04301 1,-9.04301 1,-9.04301 1))",UTC-HGS-TOPO,POINT(59 17),"POLYGON((1 1,1 1,1 1,1 1,1 1))",2010-09-06 14:59:00,true,,1105,60.0,18.0,58.0,16.0,217.3638,781.758,17.0,59.0,811.413946216380964,0.0
265,2010-09-08 23:05:00,2010-09-08 23:33:00,C3.3,POINT(887.874 332.6922),"POLYGON((16.68774 -104.094,16.68774 -104.094,16.68774 -104.094,16.68774 -104.094,16.68774 -104.094))",POINT(0.996030529500966 290.541303050855),"POLYGON((0.110746 189.107826,0.110746 189.107826,0.110746 189.107826,0.110746 189.107826,0.110746 189.107826))",POINT(46.04211 21),"POLYGON((-39.95789 1,-39.95789 1,-39.95789 1,-39.95789 1,-39.95789 1))",UTC-HGS-TOPO,POINT(87 21),"POLYGON((1 1,1 1,1 1,1 1,1 1))",2010-09-08 23:28:00,true,,1105,88.0,22.0,86.0,20.0,332.6922,887.874,21.0,87.0,948.158393844003285,0.0
267,2010-09-17 01:17:00,2010-09-17 01:22:00,C1.3,POINT(-823.092 -482.2872),"POLYGON((16.72398 -103.0986,16.72398 -103.0986,16.72398 -103.0986,16.72398 -103.0986,16.72398 -103.0986))",POINT(0.999984860672595 120.367985793446),"POLYGON((0.109483 189.21389,0.109483 189.21389,0.109483 189.21389,0.109483 189.21389,0.109483 189.21389))",POINT(127.20409 -30),"POLYGON((-146.79591 1,-146.79591 1,-146.79591 1,-146.79591 1,-146.79591 1))",UTC-HGS-TOPO,POINT(-85 -30),"POLYGON((1 1,1 1,1 1,1 1,1 1))",2010-09-17 01:19:00,true,,1108,-84.0,-29.0,-86.0,-31.0,-482.2872,-823.092,-30.0,-85.0,953.981857137671113,0.0
269,2010-09-20 19:34:00,2010-09-20 19:45:00,C2.1,POINT(-902.1 302.8248),"POLYGON((16.74162 -101.8596,16.74162 -101.8596,16.74162 -101.8596,16.74162 -101.8596,16.74162 -101.8596))",POINT(0.996414628428335 71.4436784541454),"POLYGON((0.108091 189.333671,0.108091 189.333671,0.108091 189.333671,0.108091 189.333671,0.108091 189.333671))",POINT(75.54555 19),"POLYGON((163.54555 1,163.54555 1,163.54555 1,163.54555 1,163.54555 1))",UTC-HGS-TOPO,POINT(-87 19),"POLYGON((1 1,1 1,1 1,1 1,1 1))",2010-09-20 19:45:00,true,,0,-86.0,20.0,-88.0,18.0,302.8248,-902.1,19.0,-87.0,951.570948219332763,0.0
271,2010-09-20 20:59:00,2010-09-20 21:05:00,C1.2,POINT(-896.568 318.468),"POLYGON((16.74186 -101.8362,16.74186 -101.8362,16.74186 -101.8362,16.74186 -101.8362,16.74186 -101.8362))",POINT(0.996270978544684 70.4445618155587),"POLYGON((0.108065 189.335909,0.108065 189.335909,0.108065 189.335909,0.108065 189.335909,0.108065 189.335909))",POINT(74.76639 20),"POLYGON((162.76639 1,162.76639 1,162.76639 1,162.76639 1,162.76639 1))",UTC-HGS-TOPO,POINT(-87 20),"POLYGON((1 1,1 1,1 1,1 1,1 1))",2010-09-20 21:03:00,true,,0,-86.0,21.0,-88.0,19.0,318.468,-896.568,20.0,-87.0,951.449444609643933,0.0
273,2010-09-21 07:35:00,2010-09-21 08:20:00,C1.4,POINT(-878.388 364.8414),"POLYGON((16.74396 -101.6574,16.74396 -101.6574,16.74396 -101.6574,16.74396 -101.6574,16.74396 -101.6574))",POINT(0.995828250976893 67.4442810601742),"POLYGON((0.107867 189.353192,0.107867 189.353192,0.107867 189.353192,0.107867 189.353192,0.107867 189.353192))",POINT(68.93649 23),"POLYGON((156.93649 1,156.93649 1,156.93649 1,156.93649 1,156.93649 1))",UTC-HGS-TOPO,POINT(-87 23),"POLYGON((1 1,1 1,1 1,1 1,1 1))",2010-09-21 07:53:00,true,,0,-86.0,24.0,-88.0,22.0,364.8414,-878.388,23.0,-87.0,951.143903780053506,0.0
275,2010-09-21 07:38:00,2010-09-21 08:09:00,C1.4,POINT(-878.388 364.842),"POLYGON((16.74396 -101.6562,16.74396 -101.6562,16.74396 -101.6562,16.74396 -101.6562,16.74396 -101.6562))",POINT(0.995827908075956 67.4442476816052),"POLYGON((0.107866 189.353301,0.107866 189.353301,0.107866 189.353301,0.107866 189.353301,0.107866 189.353301))",POINT(68.90899 23),"POLYGON((156.90899 1,156.90899 1,156.90899 1,156.90899 1,156.90899 1))",UTC-HGS-TOPO,POINT(-87 23),"POLYGON((1 1,1 1,1 1,1 1,1 1))",2010-09-21 07:53:00,true,,0,-86.0,24.0,-88.0,22.0,364.842,-878.388,23.0,-87.0,951.144133929237796,0.0
276,2010-09-28 09:38:00,2010-09-28 09:48:00,C1.7,POINT(325.6638 209.5938),"POLYGON((16.77726 -97.8594,16.77726 -97.8594,16.77726 -97.8594,16.77726 -97.8594,16.77726 -97.8594))",POINT(0.40467550163868 302.764906903953),"POLYGON((0.103747 189.728354,0.103747 189.728354,0.103747 189.728354,0.103747 189.728354,0.103747 189.728354))",POINT(83.421799 19),"POLYGON((63.421799 1,63.421799 1,63.421799 1,63.421799 1,63.421799 1))",UTC-HGS-TOPO,POINT(21 19),"POLYGON((1 1,1 1,1 1,1 1,1 1))",2010-09-28 09:48:00,true,,1110,22.0,20.0,20.0,18.0,209.5938,325.6638,19.0,21.0,387.280869174918053,0.0
279,2010-09-28 22:05:00,2010-09-28 22:15:00,C2.0,POINT(454.3014 217.1844),"POLYGON((16.77966 -97.5132,16.77966 -97.5132,16.77966 -97.5132,16.77966 -97.5132,16.77966 -97.5132))",POINT(0.526087016138401 295.550708023548),"POLYGON((0.103376 189.763598,0.103376 189.763598,0.103376 189.763598,0.103376 189.763598,0.103376 189.763598))",POINT(85.576032 19),"POLYGON((56.576032 1,56.576032 1,56.576032 1,56.576032 1,56.576032 1))",UTC-HGS-TOPO,POINT(30 19),"POLYGON((1 1,1 1,1 1,1 1,1 1))",2010-09-28 22:11:00,true,,1110,31.0,20.0,29.0,18.0,217.1844,454.3014,19.0,30.0,503.546249757974067,0.0
280,2010-10-04 16:28:00,2010-10-04 16:35:00,C2.3,POINT(888.048 351.6432),"POLYGON((16.8069 -93.0444,16.8069 -93.0444,16.8069 -93.0444,16.8069 -93.0444,16.8069 -93.0444))",POINT(0.996281894400323 291.602237880812),"POLYGON((0.098623 190.239106,0.098623 190.239106,0.098623 190.239106,0.098623 190.239106,0.098623 190.239106))",POINT(66.49132 22),"POLYGON((-19.50868 1,-19.50868 1,-19.50868 1,-19.50868 1,-19.50868 1))",UTC-HGS-TOPO,POINT(87 22),"POLYGON((1 1,1 1,1 1,1 1,1 1))",2010-10-04 16:35:00,true,,0,88.0,23.0,86.0,21.0,351.6432,888.048,22.0,87.0,955.13464517325508,0.0
282,2010-10-16 19:07:00,2010-10-16 19:12:00,M2.9,POINT(397.803 -410.394),"POLYGON((16.86618 -80.0904,16.86618 -80.0904,16.86618 -80.0904,16.86618 -80.0904,16.86618 -80.0904))",POINT(0.594091377564915 224.107454241965),"POLYGON((0.085075 191.892113,0.085075 191.892113,0.085075 191.892113,0.085075 191.892113,0.085075 191.892113))",POINT(-154.274 -20),"POLYGON((-179.274 1,-179.274 1,-179.274 1,-179.274 1,-179.274 1))",UTC-HGS-TOPO,POINT(26 -20),"POLYGON((1 1,1 1,1 1,1 1,1 1))",2010-10-16 19:12:00,true,,1112,27.0,-19.0,25.0,-21.0,-410.394,397.803,-20.0,26.0,571.550926904156086,0.0
284,2010-10-17 08:52:00,2010-10-17 08:59:00,C1.7,POINT(500.1954 -373.5564),"POLYGON((16.869 -79.3632,16.869 -79.3632,16.869 -79.3632,16.869 -79.3632,16.869 -79.3632))",POINT(0.648804193340446 233.246854164168),"POLYGON((0.084322 191.999883,0.084322 191.999883,0.084322 191.999883,0.084322 191.999883,0.084322 191.999883))",POINT(-154.83099 -18),"POLYGON((173.16901 1,173.16901 1,173.16901 1,173.16901 1,173.16901 1))",UTC-HGS-TOPO,POINT(33 -18),"POLYGON((1 1,1 1,1 1,1 1,1 1))",2010-10-17 08:59:00,true,,0,34.0,-17.0,32.0,-19.0,-373.5564,500.1954,-18.0,33.0,624.29145610213186,0.0
286,2010-10-17 17:30:00,2010-10-17 17:44:00,C1.6,POINT(523.6986 -386.889),"POLYGON((16.8708 -78.9012,16.8708 -78.9012,16.8708 -78.9012,16.8708 -78.9012,16.8708 -78.9012))",POINT(0.676604706925221 233.544393147161),"POLYGON((0.083844 192.069344,0.083844 192.069344,0.083844 192.069344,0.083844 192.069344,0.083844 192.069344))",POINT(-157.57582 -19),"POLYGON((168.42418 1,168.42418 1,168.42418 1,168.42418 1,168.42418 1))",UTC-HGS-TOPO,POINT(35 -19),"POLYGON((1 1,1 1,1 1,1 1,1 1))",2010-10-17 17:39:00,true,,1112,36.0,-18.0,34.0,-20.0,-386.889,523.6986,-19.0,35.0,651.109301087735957,0.0
288,2010-10-18 11:25:00,2010-10-18 11:40:00,C1.2,POINT(433.9026 -577.2258),"POLYGON((16.8744 -77.9304,16.8744 -77.9304,16.8744 -77.9304,16.8744 -77.9304,16.8744 -77.9304))",POINT(0.750237306324753 216.932309301848),"POLYGON((0.082841 192.217735,0.082841 192.217735,0.082841 192.217735,0.082841 192.217735,0.082841 192.217735))",POINT(-170.42259 -32),"POLYGON((158.57741 1,158.57741 1,158.57741 1,158.57741 1,158.57741 1))",UTC-HGS-TOPO,POINT(32 -32),"POLYGON((1 1,1 1,1 1,1 1,1 1))",2010-10-18 11:40:00,true,,0,33.0,-31.0,31.0,-33.0,-577.2258,433.9026,-32.0,32.0,722.122628417362421,0.0
290,2010-10-18 15:26:00,2010-10-18 17:00:00,C2.5,POINT(768.85206 -418.435638),"POLYGON((16.875245 -77.710356,16.875245 -77.710356,16.875245 -77.710356,16.875245 -77.710356,16.875245 -77.710356))",POINT(0.909377267316548 241.443452860811),"POLYGON((0.082614 192.251882,0.082614 192.251882,0.082614 192.251882,0.082614 192.251882,0.082614 192.251882))",POINT(-144.63008 -23),"POLYGON((156.36992 1,156.36992 1,156.36992 1,156.36992 1,156.36992 1))",UTC-HGS-TOPO,POINT(60 -23),"POLYGON((1 1,1 1,1 1,1 1,1 1))",2010-10-18 16:43:00,true,,0,61.0,-22.0,59.0,-24.0,-418.435638,768.85206,-23.0,60.0,875.341004017697514,0.0
292,2010-10-18 21:25:00,2010-10-18 21:39:00,C1.2,POINT(789.534 -400.4574),"POLYGON((16.87644 -77.3814,16.87644 -77.3814,16.87644 -77.3814,16.87644 -77.3814,16.87644 -77.3814))",POINT(0.919642435510863 243.10554429843),"POLYGON((0.082274 192.303228,0.082274 192.303228,0.082274 192.303228,0.082274 192.303228,0.082274 192.303228))",POINT(-145.9184 -22),"POLYGON((153.0816 1,153.0816 1,153.0816 1,153.0816 1,153.0816 1))",UTC-HGS-TOPO,POINT(62 -22),"POLYGON((1 1,1 1,1 1,1 1,1 1))",2010-10-18 21:39:00,true,,0,63.0,-21.0,61.0,-23.0,-400.4574,789.534,-22.0,62.0,885.285302244852573,0.0
294,2010-10-19 06:45:00,2010-10-19 06:51:00,C1.3,POINT(769.656 -345.1968),"POLYGON((16.87836 -76.8642,16.87836 -76.8642,16.87836 -76.8642,16.87836 -76.8642,16.87836 -76.8642))",POINT(0.876161890557379 245.843388548375),"POLYGON((0.081741 192.384832,0.081741 192.384832,0.081741 192.384832,0.081741 192.384832,0.081741 192.384832))",POINT(-156.04777 -18),"POLYGON((147.95223 1,147.95223 1,147.95223 1,147.95223 1,147.95223 1))",UTC-HGS-TOPO,POINT(57 -18),"POLYGON((1 1,1 1,1 1,1 1,1 1))",2010-10-19 06:51:00,true,,1112,58.0,-17.0,56.0,-19.0,-345.1968,769.656,-18.0,57.0,843.523081525479142,0.0
297,2010-10-19 09:24:00,2010-10-19 10:51:00,C1.1,POINT(851.076 -344.0238),"POLYGON((16.8789 -76.7166,16.8789 -76.7166,16.8789 -76.7166,16.8789 -76.7166,16.8789 -76.7166))",POINT(0.953467133396127 247.990348617338),"POLYGON((0.081588 192.408308,0.081588 192.408308,0.081588 192.408308,0.081588 192.408308,0.081588 192.408308))",POINT(-145.50413 -19),"POLYGON((146.49587 1,146.49587 1,146.49587 1,146.49587 1,146.49587 1))",UTC-HGS-TOPO,POINT(69 -19),"POLYGON((1 1,1 1,1 1,1 1,1 1))",2010-10-19 10:14:00,true,,1112,70.0,-18.0,68.0,-20.0,-344.0238,851.076,-19.0,69.0,917.977523005024409,0.0
298,2010-10-20 11:42:00,2010-10-20 11:50:00,C1.5,POINT(885.6249 -319.138122),"POLYGON((16.884187 -75.231174,16.884187 -75.231174,16.884187 -75.231174,16.884187 -75.231174,16.884187 -75.231174))",POINT(0.977460855037986 250.183190243298),"POLYGON((0.080058 192.649335,0.080058 192.649335,0.080058 192.649335,0.080058 192.649335,0.080058 192.649335))",POINT(-153.9577 -18),"POLYGON((132.0423 1,132.0423 1,132.0423 1,132.0423 1,132.0423 1))",UTC-HGS-TOPO,POINT(75 -18),"POLYGON((1 1,1 1,1 1,1 1,1 1))",2010-10-20 11:50:00,true,,1112,76.0,-17.0,74.0,-19.0,-319.138122,885.6249,-18.0,75.0,941.371661148611906,0.0
300,2010-10-25 22:06:00,2010-10-25 22:18:00,C2.3,POINT(15.67776 283.5),"POLYGON((16.90974 -67.3554,16.90974 -67.3554,16.90974 -67.3554,16.90974 -67.3554,16.90974 -67.3554))",POINT(0.29437614088551 356.83472497618),"POLYGON((0.072 194.092985,0.072 194.092985,0.072 194.092985,0.072 194.092985,0.072 194.092985))",POINT(60.383924 22),"POLYGON((60.383924 1,60.383924 1,60.383924 1,60.383924 1,60.383924 1))",UTC-HGS-TOPO,POINT(1 22),"POLYGON((1 1,1 1,1 1,1 1,1 1))",2010-10-25 22:12:00,true,,0,2.0,23.0,0.0,21.0,283.5,15.67776,22.0,1.0,283.933164950164951,0.0
304,2010-10-26 01:06:00,2010-10-26 01:19:00,C1.1,POINT(31.973796 234.8715),"POLYGON((16.910284 -67.164456,16.910284 -67.164456,16.910284 -67.164456,16.910284 -67.164456,16.910284 -67.164456))",POINT(0.245747786599322 352.24779946911),"POLYGON((0.071806 194.131884,0.071806 194.131884,0.071806 194.131884,0.071806 194.131884,0.071806 194.131884))",POINT(59.735435 19),"POLYGON((58.735435 1,58.735435 1,58.735435 1,58.735435 1,58.735435 1))",UTC-HGS-TOPO,POINT(2 19),"POLYGON((1 1,1 1,1 1,1 1,1 1))",2010-10-26 01:13:00,true,,0,3.0,20.0,1.0,18.0,234.8715,31.973796,19.0,2.0,237.037855927907884,0.0
305,2010-10-27 16:59:00,2010-10-27 17:08:00,C1.2,POINT(372.6612 244.029),"POLYGON((16.91784 -64.5858,16.91784 -64.5858,16.91784 -64.5858,16.91784 -64.5858,16.91784 -64.5858))",POINT(0.461614705921905 303.217903297055),"POLYGON((0.069187 194.678478,0.069187 194.678478,0.069187 194.678478,0.069187 194.678478,0.069187 194.678478))",POINT(59.820096 19),"POLYGON((36.820096 1,36.820096 1,36.820096 1,36.820096 1,36.820096 1))",UTC-HGS-TOPO,POINT(24 19),"POLYGON((1 1,1 1,1 1,1 1,1 1))",2010-10-27 17:04:00,true,,0,25.0,20.0,23.0,18.0,244.029,372.6612,19.0,24.0,445.450920783019626,0.0
307,2010-10-27 17:00:00,2010-10-27 17:08:00,C1.2,POINT(387.2004 244.5792),"POLYGON((16.91784 -64.5846,16.91784 -64.5846,16.91784 -64.5846,16.91784 -64.5846,16.91784 -64.5846))",POINT(0.474595451106621 302.278984605679),"POLYGON((0.069186 194.678739,0.069186 194.678739,0.069186 194.678739,0.069186 194.678739,0.069186 194.678739))",POINT(60.810938 19),"POLYGON((36.810938 1,36.810938 1,36.810938 1,36.810938 1,36.810938 1))",UTC-HGS-TOPO,POINT(25 19),"POLYGON((1 1,1 1,1 1,1 1,1 1))",2010-10-27 17:04:00,true,,0,26.0,20.0,24.0,18.0,244.5792,387.2004,19.0,25.0,457.977220866715186,0.0
308,2010-10-31 03:13:00,2010-10-31 03:21:00,C1.8,POINT(848.694 321.4536),"POLYGON((16.93302 -59.0385,16.93302 -59.0385,16.93302 -59.0385,16.93302 -59.0385,16.93302 -59.0385))",POINT(0.939624655068698 290.744816819367),"POLYGON((0.063591 196.003589,0.063591 196.003589,0.063591 196.003589,0.063591 196.003589,0.063591 196.003589))",POINT(60.63628 21),"POLYGON((-8.36372 1,-8.36372 1,-8.36372 1,-8.36372 1,-8.36372 1))",UTC-HGS-TOPO,POINT(70 21),"POLYGON((1 1,1 1,1 1,1 1,1 1))",2010-10-31 03:18:00,true,,0,71.0,22.0,69.0,20.0,321.4536,848.694,21.0,70.0,907.531774974826931,0.0
310,2010-10-31 04:26:00,2010-10-31 04:31:00,C5.7,POINT(853.902 322.6254),"POLYGON((16.9332 -58.9542,16.9332 -58.9542,16.9332 -58.9542,16.9332 -58.9542,16.9332 -58.9542))",POINT(0.945084990475339 290.697811188209),"POLYGON((0.063506 196.025461,0.063506 196.025461,0.063506 196.025461,0.063506 196.025461,0.063506 196.025461))",POINT(60.9678 21),"POLYGON((-9.0322 1,-9.0322 1,-9.0322 1,-9.0322 1,-9.0322 1))",UTC-HGS-TOPO,POINT(71 21),"POLYGON((1 1,1 1,1 1,1 1,1 1))",2010-10-31 04:31:00,true,,0,72.0,22.0,70.0,20.0,322.6254,853.902,21.0,71.0,912.817492343984441,0.0
312,2010-11-01 04:35:00,2010-11-01 04:50:00,C1.2,POINT(923.568 279.2466),"POLYGON((16.93764 -57.26706,16.93764 -57.26706,16.93764 -57.26706,16.93764 -57.26706,16.93764 -57.26706))",POINT(0.998710968009829 286.823022339025),"POLYGON((0.061814 196.476417,0.061814 196.476417,0.061814 196.476417,0.061814 196.476417,0.061814 196.476417))",POINT(64.69896 17),"POLYGON((-22.30104 1,-22.30104 1,-22.30104 1,-22.30104 1,-22.30104 1))",UTC-HGS-TOPO,POINT(88 17),"POLYGON((1 1,1 1,1 1,1 1,1 1))",2010-11-01 04:43:00,true,,1113,89.0,18.0,87.0,16.0,279.2466,923.568,17.0,88.0,964.86087817651719,0.0
315,2010-11-01 04:36:00,2010-11-01 04:50:00,C1.1,POINT(923.57052 279.246594),"POLYGON((16.937621 -57.265817,16.937621 -57.265817,16.937621 -57.265817,16.937621 -57.265817,16.937621 -57.265817))",POINT(0.998713287252526 286.822978688737),"POLYGON((0.061813 196.476738,0.061813 196.476738,0.061813 196.476738,0.061813 196.476738,0.061813 196.476738))",POINT(64.6898 17),"POLYGON((-22.3102 1,-22.3102 1,-22.3102 1,-22.3102 1,-22.3102 1))",UTC-HGS-TOPO,POINT(88 17),"POLYGON((1 1,1 1,1 1,1 1,1 1))",2010-11-01 04:43:00,true,,1113,89.0,18.0,87.0,16.0,279.246594,923.57052,17.0,88.0,964.863288592571166,0.0
316,2010-11-03 05:54:00,2010-11-03 06:11:00,C3.8,POINT(-913.428 -316.2),"POLYGON((16.94652 -53.74506,16.94652 -53.74506,16.94652 -53.74506,16.94652 -53.74506,16.94652 -53.74506))",POINT(0.999999471837444 109.094241727323),"POLYGON((0.0583 197.500744,0.0583 197.500744,0.0583 197.500744,0.0583 197.500744,0.0583 197.500744))",POINT(-138.39653 -19),"POLYGON((-49.39653 1,-49.39653 1,-49.39653 1,-49.39653 1,-49.39653 1))",UTC-HGS-TOPO,POINT(-88 -19),"POLYGON((1 1,1 1,1 1,1 1,1 1))",2010-11-03 06:11:00,true,,0,-87.0,-18.0,-89.0,-20.0,-316.2,-913.428,-19.0,-88.0,966.609099472997855,0.0
318,2010-11-03 12:07:00,2010-11-03 12:21:00,C4.9,POINT(-901.944 -347.808),"POLYGON((16.9476 -53.29398,16.9476 -53.29398,16.9476 -53.29398,16.9476 -53.29398,16.9476 -53.29398))",POINT(1.00000924334204 111.087656424117),"POLYGON((0.057852 197.640776,0.057852 197.640776,0.057852 197.640776,0.057852 197.640776,0.057852 197.640776))",POINT(-141.812 -21),"POLYGON((-52.812 1,-52.812 1,-52.812 1,-52.812 1,-52.812 1))",UTC-HGS-TOPO,POINT(-88 -21),"POLYGON((1 1,1 1,1 1,1 1,1 1))",2010-11-03 12:21:00,true,,0,-87.0,-20.0,-89.0,-22.0,-347.808,-901.944,-21.0,-88.0,966.681635286406049,0.0
322,2010-11-03 12:43:00,2010-11-03 13:51:00,C3.4,POINT(-918.85314 -300.274962),"POLYGON((16.947722 -53.250276,16.947722 -53.250276,16.947722 -53.250276,16.947722 -53.250276,16.947722 -53.250276))",POINT(0.999993719751651 108.097040136624),"POLYGON((0.057808 197.654474,0.057808 197.654474,0.057808 197.654474,0.057808 197.654474,0.057808 197.654474))",POINT(-142.14165 -18),"POLYGON((-53.14165 1,-53.14165 1,-53.14165 1,-53.14165 1,-53.14165 1))",UTC-HGS-TOPO,POINT(-88 -18),"POLYGON((1 1,1 1,1 1,1 1,1 1))",2010-11-03 13:08:00,true,,0,-87.0,-17.0,-89.0,-19.0,-300.274962,-918.85314,-18.0,-88.0,966.672719017124678,0.0
323,2010-11-04 23:30:00,2010-11-05 00:12:00,M1.6,POINT(-31.5745296 -966.50454),"POLYGON((16.953928 -50.696754,16.953928 -50.696754,16.953928 -50.696754,16.953928 -50.696754,16.953928 -50.696754))",POINT(0.999989341839006 178.128881923863),"POLYGON((0.055279 198.490884,0.055279 198.490884,0.055279 198.490884,0.055279 198.490884,0.055279 198.490884))",POINT(-95.25151 -85),"POLYGON((-72.25151 1,-72.25151 1,-72.25151 1,-72.25151 1,-72.25151 1))",UTC-HGS-TOPO,POINT(-22 -85),"POLYGON((1 1,1 1,1 1,1 1,1 1))",2010-11-04 23:58:00,true,,0,-21.0,-84.0,-23.0,-86.0,-966.50454,-31.5745296,-85.0,-22.0,967.020153233671294,0.0
326,2010-11-04 23:45:00,2010-11-05 00:21:00,M1.6,POINT(-31.5746148 -966.50694),"POLYGON((16.953973 -50.678228,16.953973 -50.678228,16.953973 -50.678228,16.953973 -50.678228,16.953973 -50.678228))",POINT(0.999989219329306 178.128881521481),"POLYGON((0.055261 198.497229,0.055261 198.497229,0.055261 198.497229,0.055261 198.497229,0.055261 198.497229))",POINT(-95.38886 -85),"POLYGON((-72.38886 1,-72.38886 1,-72.38886 1,-72.38886 1,-72.38886 1))",UTC-HGS-TOPO,POINT(-22 -85),"POLYGON((1 1,1 1,1 1,1 1,1 1))",2010-11-04 23:58:00,true,,0,-21.0,-84.0,-23.0,-86.0,-966.50694,-31.5746148,-85.0,-22.0,967.022554735892413,0.0
327,2010-11-05 00:48:00,2010-11-05 01:02:00,C9.7,POINT(-919.20354 -300.359658),"POLYGON((16.954159 -50.600389,16.954159 -50.600389,16.954159 -50.600389,16.954159 -50.600389,16.954159 -50.600389))",POINT(0.999988143925956 108.095361160832),"POLYGON((0.055184 198.523933,0.055184 198.523933,0.055184 198.523933,0.055184 198.523933,0.055184 198.523933))",POINT(-161.96572 -18),"POLYGON((-72.96572 1,-72.96572 1,-72.96572 1,-72.96572 1,-72.96572 1))",UTC-HGS-TOPO,POINT(-88 -18),"POLYGON((1 1,1 1,1 1,1 1,1 1))",2010-11-05 00:56:00,true,,0,-87.0,-17.0,-89.0,-19.0,-300.359658,-919.20354,-18.0,-88.0,967.032094659948939,0.0
330,2010-11-05 13:05:00,2010-11-05 14:10:00,M1.0,POINT(-865.81008 -335.000724),"POLYGON((16.956341 -49.686604,16.956341 -49.686604,16.956341 -49.686604,16.956341 -49.686604,16.956341 -49.686604))",POINT(0.95987554856074 111.152536418329),"POLYGON((0.054282 198.84302,0.054282 198.84302,0.054282 198.84302,0.054282 198.84302,0.054282 198.84302))",POINT(-151.71401 -19),"POLYGON((-79.71401 1,-79.71401 1,-79.71401 1,-79.71401 1,-79.71401 1))",UTC-HGS-TOPO,POINT(-71 -19),"POLYGON((1 1,1 1,1 1,1 1,1 1))",2010-11-05 13:29:00,true,,0,-70.0,-18.0,-72.0,-20.0,-335.000724,-865.81008,-19.0,-71.0,928.360156248710723,0.0
332,2010-11-06 04:38:00,2010-11-06 04:57:00,C4.5,POINT(-808.37334 -403.139202),"POLYGON((16.959097 -48.521447,16.959097 -48.521447,16.959097 -48.521447,16.959097 -48.521447,16.959097 -48.521447))",POINT(0.933835511113388 116.505626558499),"POLYGON((0.053136 199.265416,0.053136 199.265416,0.053136 199.265416,0.053136 199.265416,0.053136 199.265416))",POINT(-154.25688 -23),"POLYGON((-88.25688 1,-88.25688 1,-88.25688 1,-88.25688 1,-88.25688 1))",UTC-HGS-TOPO,POINT(-65 -23),"POLYGON((1 1,1 1,1 1,1 1,1 1))",2010-11-06 04:47:00,true,,0,-64.0,-22.0,-66.0,-24.0,-403.139202,-808.37334,-23.0,-65.0,903.320913635875286,0.0
337,2010-11-06 08:21:00,2010-11-06 09:04:00,C1.6,POINT(-815.00562 -296.89995),"POLYGON((16.959754 -48.241591,16.959754 -48.241591,16.959754 -48.241591,16.959754 -48.241591,16.959754 -48.241591))",POINT(0.896667218562737 110.016272754787),"POLYGON((0.052861 199.369572,0.052861 199.369572,0.052861 199.369572,0.052861 199.369572,0.052861 199.369572))",POINT(-152.29873 -16),"POLYGON((-90.29873 1,-90.29873 1,-90.29873 1,-90.29873 1,-90.29873 1))",UTC-HGS-TOPO,POINT(-61 -16),"POLYGON((1 1,1 1,1 1,1 1,1 1))",2010-11-06 08:32:00,true,,0,-60.0,-15.0,-62.0,-17.0,-296.89995,-815.00562,-16.0,-61.0,867.400565449197074,0.0
339,2010-11-06 15:27:00,2010-11-06 15:44:00,M5.4,POINT(-772.674 -363.0006),"POLYGON((16.96098 -47.70558,16.96098 -47.70558,16.96098 -47.70558,16.96098 -47.70558,16.96098 -47.70558))",POINT(0.882433974695872 115.164038036805),"POLYGON((0.052335 199.572055,0.052335 199.572055,0.052335 199.572055,0.052335 199.572055,0.052335 199.572055))",POINT(-153.19928 -20),"POLYGON((-94.19928 1,-94.19928 1,-94.19928 1,-94.19928 1,-94.19928 1))",UTC-HGS-TOPO,POINT(-58 -20),"POLYGON((1 1,1 1,1 1,1 1,1 1))",2010-11-06 15:36:00,true,,0,-57.0,-19.0,-59.0,-21.0,-363.0006,-772.674,-20.0,-58.0,853.694644399483195,0.0
342,2010-11-06 19:06:00,2010-11-06 19:17:00,C1.4,POINT(-788.7234 -462.199188),"POLYGON((16.961654 -47.429201,16.961654 -47.429201,16.961654 -47.429201,16.961654 -47.429201,16.961654 -47.429201))",POINT(0.944912878813055 120.370696103101),"POLYGON((0.052065 199.678091,0.052065 199.678091,0.052065 199.678091,0.052065 199.678091,0.052065 199.678091))",POINT(-163.20449 -27),"POLYGON((-96.20449 1,-96.20449 1,-96.20449 1,-96.20449 1,-96.20449 1))",UTC-HGS-TOPO,POINT(-66 -27),"POLYGON((1 1,1 1,1 1,1 1,1 1))",2010-11-06 19:11:00,true,,0,-65.0,-26.0,-67.0,-28.0,-462.199188,-788.7234,-27.0,-66.0,914.173228165985734,0.0
343,2010-11-07 01:31:00,2010-11-07 01:41:00,C5.4,POINT(-732.564 -381.819),"POLYGON((16.96278 -46.94226,16.96278 -46.94226,16.96278 -46.94226,16.96278 -46.94226,16.96278 -46.94226))",POINT(0.853818110911988 117.528934326349),"POLYGON((0.051588 199.867532,0.051588 199.867532,0.051588 199.867532,0.051588 199.867532,0.051588 199.867532))",POINT(-154.72961 -21),"POLYGON((-99.72961 1,-99.72961 1,-99.72961 1,-99.72961 1,-99.72961 1))",UTC-HGS-TOPO,POINT(-54 -21),"POLYGON((1 1,1 1,1 1,1 1,1 1))",2010-11-07 01:41:00,true,,0,-53.0,-20.0,-55.0,-22.0,-381.819,-732.564,-21.0,-54.0,826.096703090503865,0.0
345,2010-11-11 02:06:00,2010-11-11 02:14:00,C2.9,POINT(-244.8546 -444.3384),"POLYGON((16.97964 -39.43344,16.97964 -39.43344,16.97964 -39.43344,16.97964 -39.43344,16.97964 -39.43344))",POINT(0.523844447573107 151.142847828482),"POLYGON((0.044331 203.296222,0.044331 203.296222,0.044331 203.296222,0.044331 203.296222,0.044331 203.296222))",POINT(-169.78745 -24),"POLYGON((-152.78745 1,-152.78745 1,-152.78745 1,-152.78745 1,-152.78745 1))",UTC-HGS-TOPO,POINT(-16 -24),"POLYGON((1 1,1 1,1 1,1 1,1 1))",2010-11-11 02:14:00,true,,1123,-15.0,-23.0,-17.0,-25.0,-444.3384,-244.8546,-24.0,-16.0,507.336563688957881,0.0
347,2010-11-11 05:10:00,2010-11-11 05:24:00,C1.1,POINT(-31.4732598 -415.769928),"POLYGON((16.980156 -39.189698,16.980156 -39.189698,16.980156 -39.189698,16.980156 -39.189698,16.980156 -39.189698))",POINT(0.43051334691894 175.671037819036),"POLYGON((0.044099 203.426174,0.044099 203.426174,0.044099 203.426174,0.044099 203.426174,0.044099 203.426174))",POINT(-157.47205 -22),"POLYGON((-154.47205 1,-154.47205 1,-154.47205 1,-154.47205 1,-154.47205 1))",UTC-HGS-TOPO,POINT(-2 -22),"POLYGON((1 1,1 1,1 1,1 1,1 1))",2010-11-11 05:24:00,true,,0,-1.0,-21.0,-3.0,-23.0,-415.769928,-31.4732598,-22.0,-2.0,416.959469387089825,0.0
350,2010-11-11 07:15:00,2010-11-11 07:28:00,C4.7,POINT(-184.7154 -444.906),"POLYGON((16.98054 -39.02406,16.98054 -39.02406,16.98054 -39.02406,16.98054 -39.02406,16.98054 -39.02406))",POINT(0.497376062508616 157.452826451625),"POLYGON((0.043941 203.515304,0.043941 203.515304,0.043941 203.515304,0.043941 203.515304,0.043941 203.515304))",POINT(-168.61648 -24),"POLYGON((-155.61648 1,-155.61648 1,-155.61648 1,-155.61648 1,-155.61648 1))",UTC-HGS-TOPO,POINT(-12 -24),"POLYGON((1 1,1 1,1 1,1 1,1 1))",2010-11-11 07:24:00,true,,1123,-11.0,-23.0,-13.0,-25.0,-444.906,-184.7154,-24.0,-12.0,481.727233850402115,0.0
351,2010-11-11 12:58:00,2010-11-11 13:07:00,C2.2,POINT(-123.66 -445.1724),"POLYGON((16.9815 -38.56854,16.9815 -38.56854,16.9815 -38.56854,16.9815 -38.56854,16.9815 -38.56854))",POINT(0.477009953160336 164.475769518151),"POLYGON((0.043508 203.76361,0.043508 203.76361,0.043508 203.76361,0.043508 203.76361,0.043508 203.76361))",POINT(-167.75678 -24),"POLYGON((-158.75678 1,-158.75678 1,-158.75678 1,-158.75678 1,-158.75678 1))",UTC-HGS-TOPO,POINT(-8 -24),"POLYGON((1 1,1 1,1 1,1 1,1 1))",2010-11-11 13:07:00,true,,1123,-7.0,-23.0,-9.0,-25.0,-445.1724,-123.66,-24.0,-8.0,462.028420469736886,0.0
353,2010-11-11 15:54:00,2010-11-11 16:16:00,C4.3,POINT(-125.5188 -414.5544),"POLYGON((16.98198 -38.33442,16.98198 -38.33442,16.98198 -38.33442,16.98198 -38.33442,16.98198 -38.33442))",POINT(0.44717173256479 163.154734910274),"POLYGON((0.043286 203.893133,0.043286 203.893133,0.043286 203.893133,0.043286 203.893133,0.043286 203.893133))",POINT(-169.36812 -22),"POLYGON((-160.36812 1,-160.36812 1,-160.36812 1,-160.36812 1,-160.36812 1))",UTC-HGS-TOPO,POINT(-8 -22),"POLYGON((1 1,1 1,1 1,1 1,1 1))",2010-11-11 16:16:00,true,,1123,-7.0,-21.0,-9.0,-23.0,-414.5544,-125.5188,-22.0,-8.0,433.140069391876978,0.0
355,2010-11-11 19:23:00,2010-11-11 19:35:00,C1.1,POINT(-77.4477 -445.057194),"POLYGON((16.982593 -38.055965,16.982593 -38.055965,16.982593 -38.055965,16.982593 -38.055965,16.982593 -38.055965))",POINT(0.466363689178048 170.128388975805),"POLYGON((0.043022 204.048967,0.043022 204.048967,0.043022 204.048967,0.043022 204.048967,0.043022 204.048967))",POINT(-168.28159 -24),"POLYGON((-162.28159 1,-162.28159 1,-162.28159 1,-162.28159 1,-162.28159 1))",UTC-HGS-TOPO,POINT(-5 -24),"POLYGON((1 1,1 1,1 1,1 1,1 1))",2010-11-11 19:30:00,true,,1123,-4.0,-23.0,-6.0,-25.0,-445.057194,-77.4477,-24.0,-5.0,451.745561313493852,0.0
358,2010-11-12 01:28:00,2010-11-12 01:38:00,C4.6,POINT(-30.76758 -459.8292),"POLYGON((16.98366 -37.56888,16.98366 -37.56888,16.98366 -37.56888,16.98366 -37.56888,16.98366 -37.56888))",POINT(0.475741454940274 176.171994467844),"POLYGON((0.042561 204.326167,0.042561 204.326167,0.042561 204.326167,0.042561 204.326167,0.042561 204.326167))",POINT(-168.62328 -25),"POLYGON((-165.62328 1,-165.62328 1,-165.62328 1,-165.62328 1,-165.62328 1))",UTC-HGS-TOPO,POINT(-2 -25),"POLYGON((1 1,1 1,1 1,1 1,1 1))",2010-11-12 01:34:00,true,,1123,-1.0,-24.0,-3.0,-26.0,-459.8292,-30.76758,-25.0,-2.0,460.857393508769064,0.0
361,2010-11-12 07:59:00,2010-11-12 08:11:00,C1.5,POINT(0 -413.967),"POLYGON((16.98474 -37.04574,16.98474 -37.04574,16.98474 -37.04574,16.98474 -37.04574,16.98474 -37.04574))",POINT(0.427308913200851 180),"POLYGON((0.042067 204.630521,0.042067 204.630521,0.042067 204.630521,0.042067 204.630521,0.042067 204.630521))",POINT(-170.20299 -22),"POLYGON((-169.20299 1,-169.20299 1,-169.20299 1,-169.20299 1,-169.20299 1))",UTC-HGS-TOPO,POINT(0 -22),"POLYGON((1 1,1 1,1 1,1 1,1 1))",2010-11-12 08:11:00,true,,1123,1.0,-21.0,-1.0,-23.0,-413.967,0.0,-22.0,0.0,413.966999999999985,0.0
363,2010-11-12 13:40:00,2010-11-12 13:52:00,C1.5,POINT(0 -53.5670118),"POLYGON((16.985708 -36.58831,16.985708 -36.58831,16.985708 -36.58831,16.985708 -36.58831,16.985708 -36.58831))",POINT(0.05529032155247 180),"POLYGON((0.041637 204.90255,0.041637 204.90255,0.041637 204.90255,0.041637 204.90255,0.041637 204.90255))",POINT(-173.32492 0),"POLYGON((-172.32492 1,-172.32492 1,-172.32492 1,-172.32492 1,-172.32492 1))",UTC-HGS-TOPO,POINT(0 0),"POLYGON((1 1,1 1,1 1,1 1,1 1))",2010-11-12 13:52:00,true,,0,1.0,1.0,-1.0,-1.0,-53.5670118,0.0,0.0,0.0,53.5670118000000031,0.0
365,2010-11-13 11:28:00,2010-11-13 11:39:00,C1.3,POINT(219.777 -395.1372),"POLYGON((16.98936 -34.8246,16.98936 -34.8246,16.98936 -34.8246,16.98936 -34.8246,16.98936 -34.8246))",POINT(0.46659078518586 209.082998932764),"POLYGON((0.039986 206.005672,0.039986 206.005672,0.039986 206.005672,0.039986 206.005672,0.039986 206.005672))",POINT(-171.29982 -21),"POLYGON((175.70018 1,175.70018 1,175.70018 1,175.70018 1,175.70018 1))",UTC-HGS-TOPO,POINT(14 -21),"POLYGON((1 1,1 1,1 1,1 1,1 1))",2010-11-13 11:39:00,true,,1123,15.0,-20.0,13.0,-22.0,-395.1372,219.777,-21.0,14.0,452.145260456017581,0.0
367,2010-11-13 23:34:00,2010-11-14 00:40:00,C1.2,POINT(381.2292 -406.6344),"POLYGON((16.9914 -33.83934,16.9914 -33.83934,16.9914 -33.83934,16.9914 -33.83934,16.9914 -33.83934))",POINT(0.575133166232814 223.15309839769),"POLYGON((0.039071 206.66213,0.039071 206.66213,0.039071 206.66213,0.039071 206.66213,0.039071 206.66213))",POINT(-166.94635 -22),"POLYGON((169.05365 1,169.05365 1,169.05365 1,169.05365 1,169.05365 1))",UTC-HGS-TOPO,POINT(25 -22),"POLYGON((1 1,1 1,1 1,1 1,1 1))",2010-11-14 00:01:00,true,,1123,26.0,-21.0,24.0,-23.0,-406.6344,381.2292,-22.0,25.0,557.393252736342333,0.0
370,2010-11-13 23:50:00,2010-11-14 00:10:00,C1.1,POINT(378.47145 -421.962576),"POLYGON((16.991459 -33.817499,16.991459 -33.817499,16.991459 -33.817499,16.991459 -33.817499,16.991459 -33.817499))",POINT(0.584865824082459 221.889924665549),"POLYGON((0.039051 206.677047,0.039051 206.677047,0.039051 206.677047,0.039051 206.677047,0.039051 206.677047))",POINT(-167.09283 -23),"POLYGON((168.90717 1,168.90717 1,168.90717 1,168.90717 1,168.90717 1))",UTC-HGS-TOPO,POINT(25 -23),"POLYGON((1 1,1 1,1 1,1 1,1 1))",2010-11-14 00:01:00,true,,1123,26.0,-22.0,24.0,-24.0,-421.962576,378.47145,-23.0,25.0,566.827181784411437,0.0
371,2010-11-15 07:28:00,2010-11-15 07:49:00,C2.3,POINT(341.3112 158.1798),"POLYGON((16.99668 -31.22076,16.99668 -31.22076,16.99668 -31.22076,16.99668 -31.22076,16.99668 -31.22076))",POINT(0.388036595287845 294.86524363284),"POLYGON((0.036668 208.564012,0.036668 208.564012,0.036668 208.564012,0.036668 208.564012,0.036668 208.564012))",POINT(171.53126 12),"POLYGON((151.53126 1,151.53126 1,151.53126 1,151.53126 1,151.53126 1))",UTC-HGS-TOPO,POINT(21 12),"POLYGON((1 1,1 1,1 1,1 1,1 1))",2010-11-15 07:49:00,true,,1124,22.0,13.0,20.0,11.0,158.1798,341.3112,12.0,21.0,376.183710935867055,0.0
373,2010-12-14 14:45:00,2010-12-14 17:00:00,C2.3,POINT(756.474 325.6122),"POLYGON((17.08056 31.23672,17.08056 31.23672,17.08056 31.23672,17.08056 31.23672,17.08056 31.23672))",POINT(0.845372718903953 293.288692043639),"POLYGON((0.036544 331.329708,0.036544 331.329708,0.036544 331.329708,0.036544 331.329708,0.036544 331.329708))",POINT(179.33792 19),"POLYGON((125.33792 1,125.33792 1,125.33792 1,125.33792 1,125.33792 1))",UTC-HGS-TOPO,POINT(55 19),"POLYGON((1 1,1 1,1 1,1 1,1 1))",2010-12-14 15:54:00,true,,0,56.0,20.0,54.0,18.0,325.6122,756.474,19.0,55.0,823.575265209464646,0.0
375,2010-12-14 15:03:00,2010-12-14 16:55:00,C2.3,POINT(756.47682 325.627176),"POLYGON((17.080588 31.264058,17.080588 31.264058,17.080588 31.264058,17.080588 31.264058,17.080588 31.264058))",POINT(0.84538030136827 293.289571456198),"POLYGON((0.036569 331.350762,0.036569 331.350762,0.036569 331.350762,0.036569 331.350762,0.036569 331.350762))",POINT(179.17323 19),"POLYGON((125.17323 1,125.17323 1,125.17323 1,125.17323 1,125.17323 1))",UTC-HGS-TOPO,POINT(55 19),"POLYGON((1 1,1 1,1 1,1 1,1 1))",2010-12-14 15:50:00,true,,0,56.0,20.0,54.0,18.0,325.627176,756.47682,19.0,55.0,823.583776520061861,0.0
377,2010-12-15 06:27:00,2010-12-15 06:39:00,C5.3,POINT(-614.622 345.1464),"POLYGON((17.08176 32.6622,17.08176 32.6622,17.08176 32.6622,17.08176 32.6622,17.08176 32.6622))",POINT(0.723507028284536 60.6832275760587),"POLYGON((0.037832 332.391219,0.037832 332.391219,0.037832 332.391219,0.037832 332.391219,0.037832 332.391219))",POINT(73.71918 20),"POLYGON((116.71918 1,116.71918 1,116.71918 1,116.71918 1,116.71918 1))",UTC-HGS-TOPO,POINT(-42 20),"POLYGON((1 1,1 1,1 1,1 1,1 1))",2010-12-15 06:39:00,true,,1135,-41.0,21.0,-43.0,19.0,345.1464,-614.622,20.0,-42.0,704.901582007701336,0.0
